wavelength,ew,id,flag
3373.653,39,Cr I,
3401.530,,Fe I,
3402.420,,Ti II,
3404.310,,Mo I,
3405.126,,Co I,
3406.810,,Fe I,
3407.510,,Fe I,
3408.779,,Cr II,
3409.579,,Ni I,
3412.349,,Co I,
3413.143,,Fe I,
3413.947,,Ni I,
3414.779,,Ni I,
3417.169,,Co I,
3417.850,,Co I,
3418.522,,Fe I,
3421.221,,Cr II,
3422.496,,Fe I,
3422.769,,Cr II,
3423.715,,Ni I,
3424.299,,Fe I,
3426.370,,Fe I,
3426.992,,Fe I,
3428.207,,Fe I,
3428.450,,Ni I,
3431.586,,Co I,
3431.830,,Fe I,
3432.728,,Nb II,
3433.048,,Co I,
3433.318,,Cr II,
3436.196,,Cr I,
3437.054,,Fe I,
3437.291,,Ni I,
3438.280,,Zr II,
3438.990,,Mn II,
3439.805,,Gd II,
3440.626,,Fe I,
3441.019,,Fe I,
3441.982,,Mn II,
3443.381,,Ti II,
3443.884,,Fe I,
3444.300,,Ti II,
3445.125,,Fe I,
3446.271,,Ni I,
3447.285,,Fe I,
3449.175,,Co I,
3449.448,,Co I,
3451.922,,Fe I,
3452.284,,Fe I,
3452.905,,Ni I,
3453.512,,Co I,
3455.245,,Co I,
3456.394,,Ti II,
3458.467,,Ni I,
3459.918,,Fe I,
3460.326,,Mn II,
3461.499,,Ti II,
3464.474,,Sr II,
3465.880,,Fe I,
3467.509,,Ni I,
3468.686,,Fe II,
3469.493,,Ni I,
3471.310,,Fe I,
3472.558,,Ni I,
3474.060,,Mn II,
3475.133,,Cr II,
3475.457,,Fe I,
3476.712,,Fe I,
3477.186,,Ti II,
3479.923,,Fe II,
3480.886,,Ti II,
3481.780,,Gd II,
3482.574,,Cr II,
3482.909,,Mn II,
3483.414,,Co I,
3483.784,,Ni I,
3487.992,,Fe II,
3488.678,,Mn II,
3489.163,,Fe II,
3489.407,,Co I,
3490.594,,Fe I,
3491.056,,Ti II,
3492.975,826,Ni I,
3493.695,53,Fe I,
3494.169,53,Fe I,
3494.676,94,Fe II,
3495.245,116,Fe I,
3495.663,138,Co I,
3495.835,141,Mn II,
3496.681,101,Co I,
3496.813,77,Mn II,
3497.529,59,Mn II,
3497.843,726,Fe I,
3498.749,42,Fe I,
3498.945,31,Ru I,
3499.572,26,Zr II,
3500.157,39,Fe I,
3500.335,90,Ti II,
3500.857,163,Ni I,
3501.729,84,Co II,
3501.965,18,Mo II,
3502.291,111,Co I,
3502.862,28,Fe I,
3503.473,50,Fe II,
3504.442,65,V II,
3505.063,94,Fe I,
3505.671,53,Zr II,
3506.241,45,Fe I,
3506.328,140,Co I,
3506.841,46,Dy II,
3507.698,80,Ni I,
3508.211,48,Fe II,
3508.487,105,Fe I,
3509.125,69,Fe I,
3509.731,41,Fe I,
3509.853,105,Co I,
3510.327,489,Ni I,
3510.846,87,Ti II,
3511.744,41,Fe I,
3511.839,90,Cr II,
3512.646,132,Co I,
3513.060,97,Cr II,
3513.483,98,Co I,
3513.825,307,Fe I,
3514.635,56,Fe I,
3515.066,718,Ni I,
3515.409,18,Fe I,
3516.219,55,Ni I,
3517.033,16,Ni I,
3517.306,79,V II,
3518.220,15,Fe I,
3518.685,96,Fe I,
3518.874,67,Fe I,
3519.618,7.5,Zr I,
3519.764,171,Ni I,
3520.257,75,Ti II,
3520.851,47,Fe I,
3521.270,381,Fe I,
3521.844,72,V II,
3522.272,61,Fe I,
3522.908,58,Fe I,
3523.444,96,Ni I,
3524.244,100,Fe I,
3524.536,1271,Ni I,
3526.170,422,Fe I,
3526.385,108,Fe I,
3526.847,209,Co I,
3527.531,18,Nd II,
3527.795,107,Fe I,
3528.324,12,Fe I,
3529.040,76,Co I,
3529.521,68,Fe I,
3529.823,148,Fe I,
3530.391,92,Fe I,
3530.777,75,V II,
3531.440,60,Fe I,
3532.120,101,Mn I,
3532.579,76,Fe I,
3533.203,223,Fe I,
3533.364,72,Co I,
3533.858,43,Ti II,
3534.530,44,Fe I,
3534.918,66,Fe I,
3535.412,79,Ti II,
3536.023,23,Dy II,
3536.567,189,Fe I,
3537.243,40,Cr I,
3537.737,83,Fe I,
3537.903,107,Fe I,
3538.559,63,Fe I,
3538.795,29,Fe I,
3539.371,3,Fe I,
3540.126,93,Fe I,
3540.715,95,Fe I,
3541.095,214,Fe I,
3541.332,16,V II,
3542.090,224,Fe I,
3542.571,60,Fe I,
3543.001,16,Co I,
3543.682,61,Fe I,
3543.933,5,Rh I,
3544.634,57,Fe I,
3545.194,73,V II,
3545.644,108,Fe I,
3545.829,72,Fe I,
3546.709,13,Co I,
3547.199,100,Fe I,
3547.670,28,Zr I,
3548.190,139,Ni I,
3548.451,38,Co I,
3549.009,54,Y II,
3549.371,26,Gd II,
3549.872,84,Fe I,
3550.599,87,Co I,
3551.112,53,Fe I,
3551.533,94,Ni I,
3552.112,70,Fe I,
3552.725,55,Co I,
3552.845,120,Fe I,
3553.746,116,Fe I,
3554.122,127,Fe I,
3554.510,86,Fe I,
3554.937,404,Fe I,
3555.724,12,Fe I,
3555.947,16,Co II,
3556.689,95,Fe I,
3556.896,243,Fe I,
3558.072,30,Fe I,
3558.532,485,Fe I,
3559.079,41,Fe I,
3559.464,,Fe I,
3559.923,48,Ni I,
3560.704,75,Fe I,
3560.897,82,Co I,
3561.582,58,Ti II,
3561.757,77,Ni I,
3562.270,40,Fe I,
3562.926,37,Co I,
3563.611,23,Fe I,
3564.126,71,Fe I,
3564.565,71,Fe I,
3564.959,70,Co I,
3565.396,990,Fe I,
3566.175,53,V II,
3566.383,458,Ni I,
3567.042,82,Fe I,
3567.696,110,Sc II,
3568.248,28,Sm II,
3568.448,70,Fe I,
3568.983,82,Fe I,
3569.384,116,Co I,
3570.134,1380,Fe I,
3570.276,42,Fe I,
3571.233,60,Fe I,
3571.875,237,Ni I,
3572.573,112,Sc II,
3573.067,40,Fe I,
3573.735,84,Ti II,
3573.836,156,Fe I,
3574.253,45,Ti I,
3574.967,90,Co I,
3575.374,115,Co I,
3575.994,90,Fe I,
3576.329,116,Sc II,
3576.766,87,Fe I,
3577.465,47,Ce II,
3577.875,105,Mn I,
3578.693,488,Cr I,
3579.045,14,Co I,
3579.835,34,Fe I,
3580.412,20,Fe I,
3581.209,2144,Fe I,
3581.665,36,Fe I,
3582.205,64,Fe I,
3582.698,72,Fe I,
3582.877,19,Fe I,
3583.339,122,Fe I,
3583.911,96,Fe I,
3584.661,182,Fe I,
3584.965,78,Fe I,
3585.339,839,Fe I,
3586.118,122,Fe I,
3586.544,74,Mn I,
3586.990,532,Fe I,
3587.429,54,Fe I,
3587.943,129,Ni I,
3588.534,161,Fe I,
3589.112,104,Fe I,
3589.632,108,Sc II,
3589.767,102,V II,
3590.489,136,Sc II,
3591.008,44,Fe I,
3591.488,60,Fe I,
3592.027,75,V II,
3592.678,79,Fe I,
3592.899,48,Fe I,
3593.340,88,V II,
3593.997,40,Ca I,
3594.638,146,Fe I,
3594.876,92,Co I,
3595.308,74,Fe I,
3596.054,95,Ti II,
3596.509,22,Co I,
3597.047,86,Fe I,
3597.712,181,Ni I,
3598.182,8,Ce II,
3598.720,60,Ti I,
3598.986,87,Fe I,
3599.544,18,Ni I,
3599.970,58,Fe I,
3600.739,69,Y II,
3601.198,13,Zr I,
3601.664,51,Cr I,
3601.922,57,Y II,
3602.544,172,Fe I,
3603.210,119,Fe I,
3603.578,106,Fe I,
3603.950,43,Fe I,
3604.378,75,Fe I,
3605.201,26, Fe I,
3605.339,495,Cr I,
3605.916,75,Fe I,
3606.694,271,Fe I,
3606.854,18,Ni I,
3607.533,66,Mn I,
3608.155,82,Fe I,
3608.491,38,Mn I,
3608.869,1046,Fe I,
3609.328,69,Ni I,
3610.166,231,Fe I,
3610.460,250,Ni I,
3611.050,80,Y II,
3611.723,61,Co I,
3612.075,118,Fe I,
3612.744,160,Ni I,
3613.109,139,Zr II,
3613.449,86,Fe I,
3613.809,194,Sc II,
3614.561,98,Fe I,
3614.891,28,Fe II,
3615.665,71,Cr I,
3615.962,37,Fe I,
3616.570,92,Fe I,
3617.011,36,Fe I,
3617.321,82,Fe I,
3617.796,124,Fe I,
3618.304,110,Fe I,
3618.777,1410,Fe I,
3619.400,568,Ni I,
3620.247,51,Fe I,
3620.468,76,Fe I,
3621.201,72,V II,
3621.467,140,Fe I,
3622.009,127,Fe I,
3622.555,3.5,Eu II,
3623.192,105,Fe I,
3623.450,97,Fe I,
3624.118,139,Ca I,
3624.733,132,Ni I,
3624.839,122,Ti II,
3625.501,49,Fe I,
3626.187,50,Fe I,
3627.061,56,Fe I,
3627.623,40,Mg I,
3627.813,98,Co I,
3628.707,57,Y II,
3628.828,64,Fe I,
3629.737,48,Mn I,
3629.905,47,Ni I,
3630.355,84,Fe I,
3630.754,133,Ca I,
3631.475,1364,Fe I,
3632.049,117,Fe I,
3632.560,72,Fe I,
3633.076,134,Fe I,
3633.512,47,Zr II,
3633.835,92,Fe I,
3634.332,136,Fe I,
3634.952,129,Ni I,
3635.469,97,Ti I,
3636.238,132,Fe I,
3636.485,92,Zr II,
3637.058,112,Fe I,
3637.255,68,Fe I,
3637.873,93,Fe I,
3638.304,153,Fe I,
3639.030,34,V I,
3639.450,69,Co I,
3639.804,76,Cr I,
3640.394,132,Fe I,
3641.228,11,Fe II,
3641.335,109,Ti II,
3641.792,72,Co I,
3642.682,93,Ti I,
3642.806,150,Sc II,
3643.627,113,Fe I,
3643.811,81,Fe I,
3644.417,141,Ca I,
3645.082,97,Fe I,
3645.313,132,Sc II,
3645.827,103,Fe I,
3646.504,23,CH,
3646.988,58,Ce II,
3647.428,94,Fe I,
3647.851,970,Fe I,
3648.530,23,Cr I,
3648.998,52,Cr I,
3649.511,134,Fe I,
3650.037,115,Fe I,
3650.285,115,Fe I,
3651.197,31,Nb II,
3651.474,136,Fe I,
3651.800,114,Sc II,
3652.551,70,Co I,
3653.120,7.5,Ce II,
3653.501,98,Ti I,
3653.912,102,Cr I,
3654.598,64,Ti I,
3655.003,50,Fe I,
3655.472,88,Fe I,
3655.851,15,Ce II,
3656.265,116,Cr I,
3657.137,72,Fe I,
3657.711,57,Ni I,
3658.099,71,Ti I,
3658.274,4.5,V II,
3659.234,10,Ce II,
3659.524,98,Fe I,
3659.762,103,Ti II,
3660.329,60,Fe I,
3661.038,28,CH,
3661.372,64,Sm II,
3662.240,94,Ti II,
3662.364,17,Cr I,
3663.200,100,Cr I,
3663.598,10,V I,
3664.097,130,Ni I,
3664.540,103,Fe I,
3665.028,37,CH,
3665.437,9.5,Cr I,
3666.064,105,Fe I,
3666.539,83,Sc II,
3666.931,92,Fe I,
3667.261,103,Fe I,
3667.996,89,Fe I,
3668.460,53,Zr II,
3669.244,103,Ni I,
3669.526,120,Fe I,
3670.032,143,Fe I,
3670.431,120,Ni I,
3670.817,86,Fe I,
3671.682,67,Ti I,
3672.124,16,Fe I,
3672.712,68,Fe I,
3673.226,44,CH,
3673.426,40,V I,
3674.150,178,Ni I,
3674.413,58,Fe I,
3674.999,11,Ir I,
3675.294,42,Ca I,
3675.766,24,Fe I,
3676.322,102,Fe I,
3676.878,73,Fe I,
3677.628,147,Fe I,
3677.855,98,Cr II,
3678.728,3,Mn II,
3678.869,89,Fe I,
3679.685,43,Ti II,
3679.811,22,Cr I,
3680.665,70,Fe I,
3680.802,128,Fe I,
3681.653,72,Fe I,
3681.884,30,Fe I,
3683.092,166,Fe I,
3683.623,52,Fe I,
3684.222,8.5,Cr II,
3684.542,38,Fe I,
3685.196,275,Ti II,
3685.527,56,Cr I,
3686.004,151,Fe I,
3686.263,85,Fe I,
3687.102,73,Fe I,
3687.466,564,Fe I,
3688.173,47,Fe I,
3689.002,52,Fe I,
3689.469,158,Fe I,
3689.880,79,Fe I,
3690.731,86,Fe I,
3691.176,8.5,Fe I,
3691.314,50,Fe I,
3692.226,40,V I,
3692.650,47,Fe I,
3693.032,86,Fe I,
3693.478,61,Co I,
3694.027,272,Fe I,
3694.436,38,Ti I,
3695.056,98,Fe I,
3695.652,55,Fe I,
3695.869,42,V I,
3696.570,53,Mn I,
3696.911,34,Ni I,
3697.433,101,Fe I,
3698.167,52,Zr II,
3698.609,75,Fe I,
3699.144,69,Fe I,
3699.396,5.5,Fe I,
3699.825,32,Fe I,
3700.269,34,Tm II,
3700.995,186,V II,
3701.729,20,Mn I,
3702.037,68,Fe I,
3702.493,77,Fe I,
3702.961,10,CN,
3703.545,114,Fe I,
3703.860,235,H 16,
3704.469,98,Fe I,
3705.033,33,V I,
3705.577,562,Fe I,
3706.037,290,Ca II,
3707.052,121,Fe I,
3707.562,83,Ti I,
3707.929,114,Fe I,
3708.611,53,Fe I,
3709.031,60,Fe I,
3709.256,573,Fe I,
3709.953,39,Ce II,
3710.292,74,Y II,
3711.229,83,Fe I,
3711.412,66,Fe I,
3711.970,333,H 15,
3712.717,9,Gd II,
3712.898,111,Cr II,
3713.714,22,Ni I,
3713.834,2.5,CN,
3714.407,3,Cr I,
3715.180,58,Cr II,
3715.397,105,Ti I,
3715.916,80,Fe I,
3716.451,166,Fe I,
3717.072,3,Nb II,
3717.397,48,Ti I,
3718.152,38,V II,
3718.412,77,Fe I,
3718.839,7,Zr II,
3719.458,7,Ni I,
3719.947,1664,Fe I,
3720.260,11,Zr II,
3721.185,58,Fe I,
3721.635,110,Ti II,
3721.940,536,H 14,
3722.588,694,Ti I,
3722.758,8,Fe I,
3723.609,47,Ti II,
3724.092,43,Ti II,
3724.385,124,Fe I,
3724.829,52,Ni I,
3725.496,67,Fe I,
3726.023,14,Ni I,
3726.665,37,Co I,
3726.920,202,Fe I,
3727.347,59,V II,
3728.042,40,Ru I,
3728.671,73,Fe I,
3728.954,80,Ni I,
3729.339,10,Fe I,
3729.813,83,Ti I,
3730.392,118,Fe I,
3730.756,106,Ni I,
3731.381,80,Fe I,
3732.035,54,Cr I,
3732.406,142,Fe I,
3732.752,64,V II,
3733.330,228,Fe I,
3734.135,17,Co I,
3734.536,13,CN,
3734.874,3027,Fe I,
3735.334,69,Fe I,
3735.898,27,Co I,
3736.476,11,CN,
3737.141,1071,Fe I,
3737.576,78,Cr II,
3737.758,6,CN,
3738.363,136,Cr II,
3739.228,104,Ni I,
3739.529,112,Fe I,
3740.064,65,Fe I,
3740.464,4,CN,
3741.065,93,Ti I,
3741.645,133,Ti II,
3742.146,66,Fe I,
3742.950,75,Fe I,
3743.368,592,Fe I,
3743.888,74,Cr I,
3744.493,84,Cr I,
3744.756,3.5,CN,
3745.574,1202,Fe I,
3745.910,540,Fe I,
3746.475,72,Fe I,
3747.552,44,Y II,
3748.000,50,V I,
3748.271,497,Fe I,
3748.966,103,Fe I,
3749.495,1907,Fe I,
3749.938,13,Co I,
3750.678,27,Fe I,
3751.090,32,Fe I,
3751.592,42,Zr II,
3751.824,50,Fe I,
3752.418,78,Fe I,
3752.860,95,Ti I,
3753.620,132,Fe I,
3753.751,12,Dy II,
3754.578,120,Cr II,
3755.134,13,CN,
3755.452,44,Co I,
3756.072,65,Fe I,
3756.650,7.5,CN,
3756.941,96,Fe I,
3757.684,92,Ti II,
3757.810,14,Zr II,
3758.316,3,CN,
3759.075,29,La II,
3759.299,334,Ti II,
3760.224,24,V II,
3760.537,100,Fe I,
3761.067,46,Fe I,
3761.320,277,Ti II,
3761.874,78,Ti II,
3762.309,75,CN,
3762.870,16,CN,
3763.476,14,Nd II,
3763.803,829,Fe I,
3764.384,28,Sm II,
3764.849,5,CN,
3765.551,174,Fe I,
3766.094,56,Fe I,
3766.666,78,Fe I,
3767.204,820,Fe I,
3767.437,20,Cr I,
3768.034,78,Fe I,
3768.733,44,Cr I,
3769.019,21,Cr I,
3769.722,5,CN,
3769.994,77,Fe I,
3770.630,1860,H 11,
3770.972,44,V II,
3771.658,62,Ti I,
3772.104,19,CN,
3772.533,86,Ni I,
3772.931,24,V II,
3773.699,88,Fe I,
3774.033,13,CN,
3774.336,74,Y II,
3774.832,100,Fe I,
3775.578,144,Ni I,
3776.059,84,Ti II,
3776.461,90,Fe I,
3777.074,68,Fe I,
3777.456,94,Fe I,
3778.066,66,Ni I,
3778.515,88,Fe I,
3778.798,58,CN,
3779.731,24,CN,
3779.808,16,CN,
3780.516,26,CN,
3781.190,76,Fe I,
3781.516,18,Fe II,
3781.938,70,Fe I,
3782.453,74,Fe I,
3783.085,11,CN,
3783.535,164,Ni I,
3783.818,29,CN,
3784.252,16,Nd II,
3785.013,6,CN,
3785.707,96,Fe I,
3786.175,144,Fe I,
3786.682,132,Fe I,
3787.166,139,Fe I,
3787.482,6.5,CN,
3787.891,512,Fe I,
3788.701,84,Y II,
3789.184,110,Fe I,
3789.577,56,Fe I,
3790.098,179,Fe I,
3790.657,157,Fe I,
3790.759,119,Fe I,
3791.509,75,Fe I,
3792.079,110,CN,
3792.651,121,CN,
3792.832,72,Fe I,
3793.605,123,Ni I,
3793.876,80,Cr I,
3794.615,22,La II,
3794.773,48,La II,
3795.538,65,Fe I,
3796.186,31,CN,
3796.496,15,Zr II,
3796.887,76,Ti II,
3797.522,103,Fe I,
3797.954,54,Fe I,
3798.521,304,Fe I,
3798.903,20,Ru I,
3799.558,622,Fe I,
3800.034,58,CN,
3800.546,34,Mn I,
3801.113,33,Ti I,
3801.371,75,Fe I,
3801.990,105,Fe I,
3802.285,80,Fe I,
3803.090,61,CN,
3803.482,42,V I,
3804.015,100,Fe I,
3804.612,68,CN,
3804.793,95,CN,
3805.349,171,Fe I,
3806.219,105,Fe I,
3806.718,209,Mn I,
3807.151,193,Ni I,
3807.544,178,Fe I,
3807.937,111,Cr I,
3808.734,114,Fe I,
3809.049,85,Fe I,
3809.586,132,V I,
3809.921,20,CN,
3810.540,41,CN,
3810.760,120,Fe I,
3811.298,67,Ni I,
3811.894,147,Fe I,
3812.448,18,Co I,
3812.962,322,Fe I,
3813.394,138,Ti II,
3814.122,38,Fe II,
3814.358,22,CN,
3814.892,26,CN,
3815.437,51,Cr I,
3815.851,1272,Fe I,
3816.345,100,Fe I,
3816.922,80,Fe I,
3817.382,34,CN,
3818.195,75,CN,
3818.345,55,Y II,
3819.063,49,CN,
3819.494,83,Fe I,
3819.961,21,V I,
3820.436,1712,Fe I,
3821.187,93,Fe I,
3821.728,52,CN,
3821.840,130,Fe II,
3822.328,86,CN,
3822.856,75,CN,
3823.514,116,Mn I,
3823.895,93,Mn I,
3824.452,519,Fe I,
3824.926,52,Fe II,
3825.408,40,Fe I,
3825.891,1519,Fe I,
3826.709,58,CN,
3826.852,88,Fe I,
3827.580,73,Fe I,
3827.832,897,Fe I,
3828.510,94,Fe I,
3829.154,77,Fe I,
3829.365,874,Mg I,
3830.076,50,CN,
3830.609,43,CN,
3831.037,77,Cr I,
3831.700,129,Ni I,
3831.888,26,CN,
3832.310,1685,Mg I,
3832.888,51,Ni I,
3833.317,53,Fe I,
3834.233,624,Fe I,
3834.371,21,Mn I,
3835.161,68,CN,
3835.390,2362,H 9,
3836.090,58,Ti II,
3836.501,80,CN,
3837.141,54,Fe I,
3837.635,46,CN,
3837.823,55,CN,
3838.302,1920,Mg I,
3838.751,63,CN,
3839.263,104,Fe I,
3839.785,82,Mn I,
3840.447,567,Fe I,
3841.058,517,Fe I,
3841.730,124,CN,
3842.054,126,Co I,
3842.644,46,CN,
3842.903,26,Fe I,
3843.715,145,Fe I,
3844.131,126,CN,
3844.448,53,V I,
3845.020,72,CN,
3845.470,135,Co I,
3845.993,104,Fe I,
3846.417,105,Fe I,
3846.809,160,Fe I,
3847.339,53,V I,
3847.848,146,CN,
3848.297,92,Fe I,
3849.006,121,Cr I,
3849.367,88,Cr I,
3849.977,608,Fe I,
3850.492,65,Fe I,
3850.826,222,Fe I,
3851.291,102,CN,
3852.217,63,Cr I,
3852.579,148,Fe I,
3853.203,82,Cr I,
3853.732,58,Ti I,
3854.211,81,CN,
3854.571,189,CN,
3854.854,84,CN,
3855.412,151,V I,
3855.851,96,Fe I,
3856.381,648,Fe I,
3857.154,54,CN,
3857.667,149,Cr I,
3857.819,73,CN,
3858.303,202,Ni I,
3858.917,131,CN,
3859.280,108,CN,
3859.922,1554,Fe I,
3860.626,61,CN,
3861.167,104,Co I,
3861.547,250,CN,
3861.837,51,CN,
3862.494,84,CN,
3863.068,41,Ni I,
3863.701,157,Fe I,
3864.111,46,Mo I,
3864.492,68,CN,
3864.874,78,V I,
3865.533,377,Fe I,
3866.104,39,CN,
3866.393,67,CN,
3867.224,110,Fe I,
3867.627,87,CN,
3867.863,100,CN,
3868.741,80,CN,
3869.173,88,CN,
3869.612,154,Fe I,
3870.072,95,CN,
3870.664,53,CN,
3870.887,85,CN,
3871.392,764,CN,
3871.758,132,Fe I,
3872.510,612,Fe I,
3873.133,135,Co I,
3873.502,97,CN,
3874.060,116,Fe I,
3874.726,87,CN,
3875.085,74,V I,
3875.546,45,Sm II,
3876.051,141,Fe I,
3876.486,64,CN,
3876.845,91,CN,
3877.451,76,CN,
3878.027,555,Fe I,
3878.580,724,Fe I,
3878.838,26,CN,
3879.257,122,CN,
3880.038,100,CN,
3880.394,139,CN,
3881.040,121,CN,
3881.307,147,CN,
3882.085,136,CN,
3882.300,141,Ti I,
3882.847,140,CN,
3883.287,228,Cr I,
3884.097,5.5,Ti I,
3884.369,136,Fe I,
3885.151,28,Fe I,
3885.519,87,Fe I,
3885.865,6.5,Ni I,
3886.428,11,CH,
3887.059,219,Fe I,
3887.372,8,Ti I,
3888.041,9,Ti I,
3888.524,265,Fe I,
3889.050,2346,H 8,
3889.676,42,Ni I,
3889.929,55,Fe I,
3890.568,38,CH,
3890.849,64,Fe I,
3891.934,88,Fe I,
3892.591,49,CH,
3892.898,78,Fe I,
3893.402,182,Fe I,
3893.920,70,Fe I,
3894.493,33,Fe I,
3894.986,78,Co I,
3895.448,87,Fe I,
3895.794,361,Fe I,
3896.622,27,Fe I,
3896.781,21,Ni I,
3897.458,83,Fe I,
3898.014,158,Fe I,
3898.394,74,CH,
3899.036,85,Fe I,
3899.719,436,Fe I,
3900.224,16,Nd II,
3900.660,20,Al II,
3900.963,37,Ti I,
3901.598,62,CH,
3901.866,71,CH,
3902.262,61,V I,
3903.161,18,Cr I,
3903.257,40,V II,
3903.854,224,Mg I,
3904.630,20,Ni I,
3904.790,60,Ti I,
3905.532,816,Si I,
3905.905,61,CH,
3906.490,164,Fe I,
3906.752,77,Fe I,
3907.478,73,Sc I,
3907.940,82,Fe I,
3908.685,98,Fe I,
3908.928,63,Ni I,
3909.668,89,Fe I,
3909.837,115,Fe I,
3910.534,114,CH,
3910.849,86,Fe I,
3911.701,34,Fe I,
3911.825,60,Sc I,
3912.294,63,Ni I,
3912.981,51,Ni I,
3913.470,138,Ti II,
3914.013,53,CH,
3914.338,133,Ti I,
3915.218,46,Fe I,
3915.612,78,CH,
3915.811,110,CH,
3916.737,90,Fe I,
3917.124,151,Co I,
3917.591,23,Cr I,
3918.113,4.5,Hf II,
3918.324,190,Fe I,
3919.168,2.5,Cr I,
3919.817,8,Ce II,
3920.269,341,Fe I,
3921.049,125,Cr I,
3921.556,79,CH,
3922.084,24,Fe I,
3922.421,34,Sm II,
3922.923,414,Fe I,
3923.502,11,Sc II,
3924.067,20,Mn I,
3924.533,68,Ti I,
3925.209,70,Fe I,
3925.651,74,Fe I,
3925.949,86,Fe I,
3926.458,34,Mn I,
3927.000,187,Fe I,
3928.217,68,CH,
3928.345,46,CH,
3929.223,37,Fe I,
3929.724,20,V II,
3929.885,37,Ti I,
3930.308,108,Fe I,
3931.342,3,V I,
3932.018,10,Ti II,
3932.637,10,Fe I,
3932.915,1.5,Fe I,
3933.682,20253,Ca II K,
3934.366,6,Fe I,
3935.645,11,CH,
3935.826,35,Fe I,
3936.557,7,Fe I,
3937.336,38,Fe I,
3938.018,3.5,Fe I,
3938.409,71,Mg I,
3938.865,6.5,Co I,
3939.518,3.5,Sc II,
3940.041,28,Fe I,
3940.358,9.5,Ce II,
3940.890,84,Co I,
3941.284,60,Fe I,
3941.856,25,Ni I,
3942.448,72,Fe I,
3943.182,22,Fe I,
3943.348,52,Fe I,
3944.016,488,Al I,
3944.744,73,Fe I,
3945.127,79,Fe I,
3945.332,68,Co I,
3945.961,10,Cr I,
3947.002,83,Fe I,
3947.538,86,Fe I,
3948.109,99,Fe I,
3948.680,94,Ti I,
3949.061,89,La II,
3949.605,6.5,Cr I,
3949.959,103,Fe I,
3950.358,55,Y II,
3951.081,126,Cr I,
3951.626,22,Fe I,
3951.964,63,V II,
3952.545,133,Ce II,
3952.982,159,CH,
3953.502,40,Fe I,
3953.861,51,Fe I,
3954.540,37,Ni I,
3955.219,38,Fe I,
3955.343,107,Fe I,
3955.963,64,Fe I,
3956.686,133,Fe I,
3957.041,123,Fe I,
3957.629,35,Fe I,
3958.216,86,Ti I,
3958.740,31,Fe I,
3958.870,3.5,Rh I,
3959.453,4.5,Fe I,
3960.284,50,Fe I,
3961.149,44,Fe I,
3961.535,621,Al I,
3962.179,41,CH,
3962.722,22,Fe I,
3963.115,81,Fe I,
3963.691,56,Cr I,
3964.190,15,Ni I,
3964.526,53,Fe I,
3965.230,3.5,Co I,
3965.516,39,Fe I,
3966.073,66,Fe I,
3966.639,44,Fe I,
3966.824,11,Fe I,
3967.431,19,Fe I,
3967.975,7,Fe I,
3968.492,15467,Ca II H,*
3969.060,5,Cr I,
3969.268,52,Fe I,
3970.075,50,H$\epsilon$,
3970.399,29,Fe I,-
3971.007,16,Fe I,
3971.332,56,Fe I,
3972.173,51,Ni I,
3972.440,44,CH,
3972.916,17,Fe I,
3973.715,101,Ca I,
3973.916,30,Fe I,
3974.398,61,Fe I,
3974.763,89,Fe I,
3975.691,1.5,Ti I,
3975.845,43,Fe I,
3976.632,162,Fe I,
3976.868,64,Fe I,
3977.747,104,Fe I,
3978.667,68,Co I,
3978.855,10,Co I,
3979.522,67,Co I,
3980.012,21,Fe I,
3980.522,3.5,V I,
3981.105,32,Fe I,
3981.616,21,Fe II,
3981.775,101,Fe I,
3982.598,62,Mn I,
3983.198,57,CH,
3983.540,35,Fe I,
3983.921,155,Cr I,
3984.665,55,Ce II,
3984.941,37,Fe I,
3985.392,99,Fe I,
3986.180,82,Fe I,
3986.370,9,Ni I,
3986.760,267,Mg I,
3987.612,52,Ti II,
3987.966,18,Yb I,
3988.516,44,La II,
3988.992,69,Fe I,
3989.607,17,Fe I,
3989.768,105,Ti I,
3990.379,74,Fe I,
3991.121,74,Cr I,
3991.834,8,Co I,
3992.643,13,Fe I,
3992.828,65,V I,
3993.612,19,Fe I,
3994.119,80,Fe I,
3994.684,62,Ti I,
3994.810,15,Pr II,
3995.751,38,La II,
3996.264,47,Fe I,
3996.971,70,Fe I,
3997.482,170,Fe I,
3998.058,115,Fe I,
3998.643,110,Ti I,
3999.243,16,Ce II,
3999.344,12,Ti I,
4000.023,8,Fe I,
4000.465,78,Fe I,
4000.973,5.5,Cr I,
4001.449,68,Cr I,
4002.077,38,Fe II,
4002.503,34,Ti I,
4002.929,61,V II,
4003.275,10,Mn I,
4003.769,70,Fe I,
4004.838,83,Fe I,
4005.254,416,Fe I,
4006.156,54,Ni I,
4006.633,93,Fe I,
4006.825,102,CH,
4007.279,86,Fe I,
4008.060,28,Ti I,
4008.602,14,Sc II,
4008.930,106,Ti I,
4009.660,122,Ti I,
4010.179,36,Fe I,
4010.588,68,Fe I,
4010.780,56,Fe I,
4011.718,50,Fe I,
4012.158,33,Fe I,
4012.253,39,Nd II,
4013.232,7,Ti I,
4013.582,83,Ti I,
4013.816,102,Fe I,
4014.272,50,Fe I,
4014.934,34,Ce II,
4015.380,23,Ti I,
4016.092,5,Ca I,
4016.423,68,Fe I,
4017.100,149,Fe I,
4017.471,86,Ni I,
4018.104,139,Mn I,
4018.271,92,Fe I,
4019.053,49,Ni I,
4019.297,18,Co I,
4020.193,107,CH,
4020.397,56,Sc I,
4020.905,80,Co I,
4021.623,68,Fe I,
4021.870,121,Fe I,
4022.745,52,Fe I,
4023.011,18,Nd II,
4023.384,67,V II,
4024.100,66,Fe I,
4024.732,104,Fe I,
4025.134,84,Ti II,
4025.308,14,CH,
4026.168,43,Cr I,
4026.436,53,Mn I,
4027.104,67,Cr I,
4027.672,49,Ni I,
4027.943,28,CH,
4028.346,90,Ti II,
4028.763,43,Fe I,
4029.642,108,Fe I,
4030.190,64,Fe I,
4030.497,92,Fe I,
4030.763,326,Mn I,
4031.340,12,Ce II,
4031.969,69,Fe I,
4032.463,75,Fe I,
4033.186,60,Fe I,
4033.660,46,Fe I,
4034.232,50,CH,
4034.492,213,Mn I,
4034.870,28,Ti I,
4035.732,216,Mn I,
4035.984,16,Fe I,
4036.377,24,Fe I,
4037.121,44,Fe I,
4037.688,22,Fe I,
4037.913,4.5,Gd II,
4038.627,26,Fe I,
4038.795,64,Fe I,
4039.574,9,V II,
4040.097,61,Fe I,
4040.647,78,Fe I,
4040.790,39,Ce II,
4041.283,168,Fe I,
4041.914,13,Fe I,
4042.592,13,Ce II,
4042.907,18,Sm II,
4043.346,24,CH,
4043.906,146,Fe I,
4044.615,105,Fe I,
4045.115,50,Fe I,
4045.390,48,Co I,
4045.825,1174,Fe I,
4046.459,19,Fe I,
4046.760,7.5,Cr I,
4047.310,41,Fe I,
4048.072,24,CH,
4048.555,7,Fe I,
4048.753,138,Mn I,
4049.336,62,Fe I,
4049.862,11,Gd II,
4050.680,57,Fe I,
4051.187,21,Ni I,
4051.337,33,V I,
4051.918,79,Fe I,
4052.456,96,Fe I,
4052.940,32,Ti I,
4053.271,61,Fe I,
4053.824,65,Ti II,
4054.442,28,Fe I,
4054.815,135,Fe I,
4055.551,114,Mn I,
4056.195,30,Ti II,
4056.347,38,Fe I,
4057.218,57,Co I,
4057.515,197,Mg I,
4057.813,16,Pb I,
4058.598,29,Co I,
4058.931,89,Mn I,
4059.722,70,Fe I,
4059.966,6,Nd II,
4060.269,34,Ti I,
4061.733,64,Mn I,
4062.232,6,Ce II,
4062.447,98,Fe I,
4063.605,787,Fe I,
4064.050,28,Fe I,
4064.456,64,Fe I,
4065.087,52,V II,
4065.388,64,Fe I,
4066.220,25,CH,
4066.590,80,Fe I,
4066.984,130,Fe I,
4067.280,96,Fe I,
4067.988,133,Fe I,
4068.544,27,Co I,
4069.070,48,Fe I,
4069.610,34,Fe I,
4070.036,11,Fe I,
4070.281,66,Mn I,
4070.777,94,Fe I,
4071.749,723,Fe I,
4072.512,63,Fe I,
4072.888,6,Ni I,
4073.486,18,Ce II,
4073.767,90,Fe I,
4077.347,,La II,
4078.475,56,Ti I,
4079.184,144,Fe I,
4079.416,104,Mn I,
4079.843,94,Fe I,
4080.437,5,Hf II,
4080.880,61,Fe I,
4082.115,76,Fe I,
4082.439,82,Fe I,
4082.943,94,Mn I,
4083.565,181,Fe I,
4083.763,71,Fe I,
4084.501,156,Fe I,
4085.013,107,Fe I,
4085.574,10,Gd II,
4085.984,55,Fe I,
4086.316,104,Co I,
4087.101,81,Fe I,
4087.601,8,Cr II,
4087.798,19,Fe I,
4088.564,56,Fe I,
4089.224,62,Fe I,
4089.598,3,Cr I,
4090.081,70,Fe I,
4090.573,56,V I,
4090.959,57,Fe I,
4091.999,8.5,Ca I,
4092.669,115,Ca I,
4092.825,12,Co I,
4093.480,4,V I,
4094.200,3.5,Tm I,
4094.698,23,CH,
4094.938,100,Ca I,
4095.268,40,Mn I,
4095.981,99,Fe I,
4096.643,45,Zr II,
4097.016,95,Fe I,
4097.650,19,Cr I,
4098.183,113,Fe I,
4098.594,111,Ca I,
4099.048,19,Fe I,
4100.165,58,Fe I,
4100.747,82,Fe I,
4100.914,9.5,Fe I,
4101.272,47,Fe I,
4102.167,15,V I,
4102.380,5,Y I,
4102.943,106,Si I,
4103.611,28,Fe I,
4104.133,100,Fe I,
4104.465,29,Fe I,
4105.164,61,V I,
4105.356,15,Mn I,
4106.050,1.5,Cr I,
4106.432,74,Fe I,
4107.492,125,Fe I,
4108.134,39,Fe I,
4108.532,80,Ca I,
4109.062,75,Fe I,
4109.450,39,Nd II,
4110.042,11,Zr II,
4110.537,97,Co I,
4110.867,65,Mn I,
4111.358,42,Cr I,
4111.787,106,V I,
4112.323,69,Fe I,
4112.958,114,Fe I,
4113.528,8,V I,
4114.118,16,CN,
4114.451,100,Fe I,
4115.177,98,V I,
4115.376,11,Ce II,
4115.980,35,Ni I,
4116.481,58,V I,
4116.957,34,Fe I,
4117.741,8,Fe I,
4118.153,27,Ce II,
4118.555,154,Fe I,
4118.782,148,Co I,
4119.400,72,Fe I,
4120.048,8.5,Ti I,
4120.622,21,Cr I,
4120.838,13,Ce II,
4121.325,125,Co I,
4121.810,94,Fe I,
4122.523,86,Fe I,
4123.234,54,La II,
4123.514,73,V I,
4123.753,109,Fe I,
4124.489,31,Fe I,
4124.915,18,Y II,
4125.626,100,Fe I,
4126.191,113,Fe I,
4126.519,47,Cr I,
4126.918,7,Cr I,
4127.537,121,Ti I,
4128.098,107,V I,
4128.742,50,Fe II,
4128.880,10,Rh I,
4129.463,57,Fe I,
4130.038,64,Fe I,
4130.657,45,Ba II,
4131.117,49,Mn I,
4131.348,21,Cr I,
4132.067,404,Fe I,
4132.538,77,Fe I,
4132.908,123,Fe I,
4133.610,48,Fe I,
4133.858,108,Fe I,
4134.438,186,Fe I,
4135.037,38,Mn I,
4135.297,26,Rh I,
4135.760,22,Fe I,
4136.527,73,Fe I,
4137.005,104,Fe I,
4137.415,59,Fe I,
4138.494,13,Ni I,
4139.089,27,CN,
4139.371,14,CH,
4139.936,86,Fe I,
4140.457,10,Fe I,
4140.755,18,CN,
4141.652,19,CN,
4141.871,68,Fe I,
4142.588,70,Fe I,
4142.944,28,V II,
4143.416,134,Fe I,
4143.878,466,Fe I,
4145.201,38,Fe I,
4145.559,32,CH,
4146.068,72,Fe I,
4147.213,15,CN,
4147.675,110,Fe I,
4148.395,13,CN,
4149.202,62,Zr II,
4149.370,111,Fe I,
4149.765,67,Fe I,
4150.254,75,Fe I,
4150.970,43,Ti I,
4151.300,5,Fe I,
4152.176,107,Fe I,
4152.317,16,CN,
4152.766,22,Cr I,
4153.389,36,CH,
4153.906,138,Fe I,
4154.505,126,Fe I,
4154.814,120,Fe I,
4155.428,6.5,CN,
4155.915,35,Fe I,
4156.307,103,Fe I,
4156.806,126,Fe I,
4158.081,56,CN,
4158.376,34,Fe I,
4159.240,114,CH,
4159.645,13,Ti I,
4160.246,19,CN,
4160.559,30,Fe I,
4161.208,58,Zr II,
4161.517,96,Fe I,
4161.799,30,Sr II,
4162.660,34,CH,
4162.984,3,CN,
4163.654,107,Ti II,
4164.020,15,V II,
4164.642,19,Ni I,
4165.119,41,Mg I,
4165.391,84,Fe I,
4165.999,9,Ba II,
4166.352,20,Zr I,
4166.965,37,Ni I,
4167.277,200,Mg I,
4167.968,67,Fe I,
4168.620,51,Fe I,
4168.950,55,Fe I,
4169.615,54,CH,
4169.765,52,Fe I,
4170.635,8,Cr II,
4170.912,97,Fe I,
4172.131,99,Fe I,
4172.644,108,Fe I,
4172.975,49,Fe I,
4173.323,76,Fe I,
4173.933,85,Fe I,
4174.405,33,Fe I,
4174.917,103,Fe I,
4175.643,110,Fe I,
4176.577,124,Fe I,
4177.080,27,Fe I,
4177.537,151,Y II,
4178.059,83,Fe I,
4178.382,25,CN,
4178.859,79,Fe II,
4179.383,126,V I,
4179.811,14,Zr II,
4180.571,6.5,CN,
4181.189,13,Fe I,
4181.551,62,Fe I,
4181.764,148,Fe I,
4182.387,88,Fe I,
4182.763,63,Fe I,
4183.457,78,V II,
4184.312,76,Ti II,
4184.900,97,Fe I,
4185.364,14,Cr I,
4186.126,42,Ti I,
4186.622,95,Ce II,
4187.047,204,Fe I,
4187.594,76,Fe I,
4188.737,120,Fe I,
4188.978,72,Ni I,
4189.565,70,Fe I,
4190.130,25,Cr I,
4190.396,10,V II,
4190.893,11,V II,
4191.437,181,Fe I,
4192.016,52,CN,
4192.572,66,CH,
4192.908,9,CN,
4193.621,46,Fe I,
4193.811,23,CN,
4194.736,42,CN,
4194.848,65,CH,
4195.340,127,Fe I,
4196.214,98,Fe I,
4196.542,67,Fe I,
4197.100,66,Fe I,
4197.640,23,CN,
4198.068,93,Fe I,
4198.330,234,Fe I,
4199.105,183,Fe I,
4199.372,22,Fe I,
4199.990,79,Fe I,
4200.601,56,CH,
4200.932,96,Fe I,
4201.715,65,Ni I,
4202.040,326,Fe I,
4202.348,63,V II,
4202.759,58,Fe I,
4203.574,53,Fe I,
4203.942,123,Fe I,
4204.461,13,Cr I,
4204.753,82,CH,
4205.544,89,Fe I,
4205.886,5,CN,
4206.702,122,Fe I,
4207.133,84,Fe I,
4207.408,59,CH,
4208.104,4.5,CN,
4208.608,98,Fe I,
4208.784,9.5,CN,
4209.602,30,CH,
4209.826,64,V I,
4210.335,183,Fe I,
4210.967,100,CH,
4211.349,20,Cr I,
4211.895,65,Zr II,
4212.642,93,CH,
4213.160,15,CN,
4213.653,90,Fe I,
4213.909,45,CH,
4214.363,11,CN,
4214.834,21,CN,
4215.539,233,Sr II,
4216.191,130,Fe I,
4216.599,49,CH,
4217.214,102,CH,
4217.559,128,Fe I,
4218.224,44,Fe I,
4218.725,78,CH,
4219.016,1.5,Fe I,
4219.355,146,Fe I,
4220.051,48,V II,
4220.347,87,Fe I,
4221.469,54,CH,
4222.221,180,Fe I,
4222.602,22,Ce II,
4223.091,66,CH,
4223.574,67,CH,
4224.178,135,Fe I,
4224.300,32,Zr II,
4224.860,91,CH,
4225.461,120,Fe I,
4225.962,74,Fe I,
4226.740,1476,Ca I,
4227.440,185,Fe I,
4227.944,54,CH,
4228.720,24,Fe I,
4229.520,81,Fe I,
4229.914,67,CH,
4230.575,29,Fe I,
4231.026,95,Ni I,
4232.204,12,Cr I,
4232.734,58,Fe I,
4233.169,139,Fe II,
4233.612,298,Fe I,
4234.010,13,V I,
4234.547,18,V I,
4235.144,64,Mn I,
4235.291,91,Mn I,
4235.949,385,Fe I,
4236.263,86,CH,
4237.182,161,Fe I,
4237.677,25,Fe I,
4238.029,111,Fe I,
4238.395,41,CH,
4238.757,155,Fe I,
4239.733,78,Mn I,
4239.848,132,Fe I,
4240.380,101,Fe I,
4241.123,50,Fe I,
4241.521,12,CH,
4242.162,45,Tm II,
4242.379,160,Cr II,
4243.203,55,CH,
4243.365,151,CH,
4244.403,14,CH,
4245.082,28,CH,
4245.264,118,Fe I,
4246.089,95,Fe I,
4246.418,3.5,Cr II,
4246.837,171,Sc II,
4247.432,162,Fe I,
4248.231,97,Fe I,
4248.726,81,CH,
4248.944,70,CH,
4249.637,91,CH,
4250.130,342,Fe I,
4250.797,400,Fe I,
4251.628,7.5,Ti I,
4252.055,18,Ni I,
4252.306,32,Co I,
4252.756,50,CH,
4253.735,36,CH,
4253.912,63,CH,
4254.346,393,Cr I,
4254.979,108,Fe I,
4255.251,69,CH,
4255.839,83,CH,
4256.316,23,Fe I,
4256.812,33,Fe I,
4257.661,56,Mn I,
4258.049,22,Zr II,
4258.324,82,Fe I,
4258.959,50,Fe I,
4259.305,59,V I,
4260.004,86,Fe I,
4260.733,50,Fe I,
4261.223,64,CH,
4261.531,68,CH,
4261.935,107,Cr II,
4262.710,31,CH,
4263.142,47,Ti I,
4263.608,37,CH,
4264.217,102,Fe I,
4264.741,86,Fe I,
4264.925,24,Zr II,
4265.679,25,Ti I,
4265.925,61,Mn I,
4266.742,44,CH,
4266.968,81,Fe I,
4267.389,60,CH,
4268.112,76,CH,
4268.628,23,V I,
4268.756,69,Fe I,
4269.478,39,CH,
4269.849,76,CH,
4270.724,22,Ce II,
4271.057,240,CH,
4271.374,42,CH,
4271.774,756,Fe I,
4272.544,39,Fe I,
4273.332,90,Fe II,
4273.942,114,CH,
4274.596,69,Ti I,
4274.806,196,Cr I,
4275.386,104,CH,
4276.103,20,CH,
4276.680,57,Fe I,
4276.995,42,V I,
4277.535,72,CH,
4278.235,73,Fe I,
4278.689,11,Mn I,
4278.853,46,CH,
4279.720,93,CH,
4280.220,70,CH,
4280.403,61,Cr I,
4281.100,77,Mn I,
4281.376,20,Ti I,
4281.972,76,CH,
4282.412,146,Fe I,
4283.014,133,Ca I,
4283.411,7,Fe I,
4284.228,86,CH,
4284.686,50,Ni I,
4285.008,75,CH,
4285.450,120,Fe I,
4286.015,119,Ti I,
4286.477,114,Fe I,
4286.884,54,Fe I,
4287.412,57,Ti I,
4287.884,90,Ti II,
4288.736,75,CH,
4288.962,74,Fe I,
4289.729,230,Cr I,
4290.226,117,Ti II,
4290.384,62,Fe I,
4290.956,137,Ti I,
4292.129,95,CH,
4292.671,3.5,Ti I,
4293.036,136,CH,
4293.556,14,Cr I,
4294.142,217,Fe I,
4294.623,31,W I,
4295.226,107,CH,
4295.757,55,Ti I,
4296.584,105,Fe II,
4296.956,110,CH,
4297.291,90,CH,
4298.036,111,Fe I,
4298.676,76,Ti I,
4299.249,212,Fe I,
4299.645,82,Ti I,
4300.053,166,Ti II,
4300.318,87,CH,
4301.103,179,Ti I,
4301.749,59,CH,
4301.927,128,Ti II,
4302.539,165,Ca I,
4303.177,103,Fe II,
4303.426,72,CH,
4303.937,119,CH,
4304.571,108,Fe I,
4305.110,82,CH,
4305.456,124,Fe I,
4305.918,156,Ti I,
4306.701,95,CH,
4306.855,120,CH,
4307.564,82,CH,
4307.912,723,Fe I,
4308.595,98,CH,
4309.040,131,Fe I,
4309.383,126,Fe I,
4310.106,108,CH,
4310.467,126,CH,
4310.984,104,CH,
4311.509,171,CH,
4312.086,141,CH,
4312.564,99,Mn I,
4312.875,153,Ti II,
4313.631,81,CH,
4314.221,24,CH,
4314.314,66,Fe II,
4315.098,153,Fe I,
4316.083,11,Gd II,
4316.559,1.5,Fe I,
4316.802,38,Ti II,
4317.321,13,Zr II,
4317.903,1.5,Cr I,
4318.659,116,Ca I,
4318.796,18,Fe I,
4319.636,15,Cr I,
4320.143,6,Fe I,
4320.749,94,Sc II,
4320.958,63,Ti II,
4321.658,26,Ti I,
4321.798,50,Fe I,
4322.505,12,La II,
4323.226,101,CH,
4323.512,105,CH,
4323.851,113,CH,
4324.412,73,CH,
4324.998,117,Fe I,
4325.356,49,CH,
4325.775,793,Fe I,
4326.357,22,Ti I,
4327.157,83,CH,
4327.917,69,Fe I,
4328.610,34,CH,
4329.038,12,Sm II,
4329.289,30,CH,
4330.245,38,Ti II,
4330.708,64,Ti II,
4330.956,42,Fe I,
4331.651,56,Ni I,
4332.006,5,CH,
4332.583,29,Cr I,
4332.918,36,CH,
4333.763,35,La II,
4334.672,16,CH,
4334.800,16,CH,
4335.274,31,CH,
4335.783,5,Fe I,
4336.273,2.5,Ce II,
4337.055,120,Fe I,
4337.566,88,Cr I,
4337.925,89,Ti II,
4338.271,54,Fe I,
4339.010,7,CH,
4339.456,82,Cr I,
4340.032,16,Ti I,
4340.475,2855,H$\gamma$,
4341.250,6.5,Fe I,
4341.371,53,Ti II,
4341.924,14,CH,
4342.990,6,CH,
4343.268,112,Fe I,
4343.968,44,CH,
4344.511,98,Cr I,
4344.891,32,Fe I,
4345.895,23,CH,
4346.561,68,Fe I,
4347.242,41,Fe I,
4347.545,37,CH,
4347.841,65,Fe I,
4348.338,50,CH,
4348.947,58,Fe I,
4350.249,28,CH,
4350.585,36,Fe I,
4351.056,90,Cr I,
4351.710,133,CH,
4351.921,283,Mg I,
4352.743,142,Fe I,
4352.880,67,V I,
4353.435,9.5,CH,
4353.948,24,Cr I,
4354.615,70,Se II,
4355.093,104,Ca I,
4355.704,48,CH,
4356.000,73,CH,
4356.367,55,CH,
4357.152,4,Co I,
4357.514,38,Cr I,
4358.170,38,Nd II,
4358.512,95,Fe I,
4358.820,53,CH,
4359.623,139,Ni I,
4359.983,9.5,Cr I,
4360.480,59,Ti I,
4360.797,51,Fe I,
4361.252,29,Fe II,
4362.099,29,Ni II,
4362.533,53,CH,
4363.108,72,CH,
4363.293,60,CH,
4364.189,53,CH,
4364.663,12,Ce II,
4364.871,1,Cr I,
4365.725,1,V I,
4365.904,48,Fe I,
4366.675,72,CH,
4367.060,14,Fe I,
4367.594,143,Fe I,
4367.912,90,Fe I,
4368.303,26,Cr I,
4368.920,1.5,Ti I,
4370.154,27,CH,
4370.292,26,CH,
4371.062,78,CH,
4371.286,110,Cr I,
4372.201,6,Ru I,
4372.743,32,CH,
4372.844,69,CH,
4373.568,65,Fe I,
4374.226,108,CH,
4374.472,110,Sc II,
4374.944,88,Y II,
4375.658,69,CH,
4375.944,152,Fe I,
4376.405,25,CH,
4377.234,87,CH,
4377.374,32,Fe I,
4377.793,39,Fe I,
4378.255,83,CH,
4379.238,110,V I,
4380.067,68,Ce II,
4380.724,92,CH,
4380.852,36,CH,
4381.709,7.5,Mn I,
4381.885,13,CH,
4382.521,32,CH,
4382.764,79,CH,
4383.557,,Fe I,
4384.120,22,CH,
4384.712,110,V I,
4384.983,80,Cr I,
4385.611,10,CH,
4386.063,43,CH,
4386.694,23,CH,
4386.853,59,Ti II,
4387.497,61,Cr I,
4388.101,26,Ti I,
4388.414,103,Fe I,
4388.870,47,CH,
4389.253,67,Fe I,
4389.988,84,V I,
4390.461,53,Fe I,
4390.966,92,Fe I,
4391.668,44,Ce II,
4391.768,67,Cr I,
4392.587,37,Fe I,
4393.025,27,CH,
4393.524,71,CH,
4394.068,72,Ti II,
4394.304,2,Fe I,
4395.040,135,Ti II,
4395.289,100,Fe I,
4395.848,61,Ti II,
4396.309,36,CH,
4396.961,45,CH,
4398.020,46,Y II,
4398.491,34,CH,
4399.224,5.5,Ce II,
4399.602,32,Ni I,
4399.778,115,Ti II,
4400.398,85,Sc II,
4400.858,42,Nd II,
4401.552,115,Ni I,
4402.685,4,Co I,
4402.841,18,CH,
4403.374,46,Cr I,
4404.101,12,Fe I,
4404.277,35,Ti I,
4404.761,898,Fe I,
4405.732,25,Ti I,
4406.157,23,CH,
4406.652,78,V I,
4407.706,146,Fe I,
4408.208,74,V I,
4408.425,130,Fe I,
4409.128,51,Fe I,
4409.526,33,Ti II,
4410.014,25,CH,
4410.525,51,Ni I,
4411.082,56,Ti II,
4411.590,4.5,Mo I,
4411.884,55,Mn I,
4412.257,29,Cr I,
4413.121,,Fe I,
4413.399,7.5,Fe I,
4413.853,29,Fe II,
4414.554,23,Zr II,
4415.135,417,Fe I,
4415.563,86,Sc II,
4416.160,6.5,Fe I,
4416.475,36,V I,
4416.828,77,Fe II,
4417.723,96,Ti II,
4418.342,70,Ti II,
4418.785,17,Ce II,
4419.273,16,Fe I,
4419.778,18,Fe I,
4420.287,34,Fe I,
4421.125,10,Sm II,
4421.573,35,V I,
4421.944,51,Ti II,
4422.576,117,Fe I,
4423.140,59,Fe I,
4423.265,37,Na I,
4423.847,53,Fe I,
4424.294,41,Cr I,
4424.811,9.5,Ni I,
4425.444,145,Ca I,
4426.040,38,V I,
4426.677,14,Cr I,
4427.105,64,Ti I,
4427.317,147,Fe I,
4427.916,12,Ti II,
4428.549,35,Fe I,
4429.203,15,Fe I,
4429.288,11,Ce II,
4430.197,68,Fe I,
4430.622,115,Fe I,
4431.036,24,Ni I,
4431.360,30,Sc II,
4432.169,37,Cr I,
4432.575,47,Fe I,
4433.396,19,Fe I,
4433.788,73,Fe I,
4434.655,19,Si I,
4434.967,171,Ca I,
4435.688,127,Ca I,
4436.145,34,V I,
4436.356,70,Mn I,
4436.951,75,Fe I,
4437.567,22,Ni I,
4437.842,27,V I,
4438.349,45,Fe I,
4439.642,22,Fe I,
4439.888,47,Fe I,
4440.482,46,Fe I,
4440.827,47,Fe I,
4441.555,20,Fe I,
4441.964,13,Fe I,
4442.349,171,Fe I,
4443.201,95,Fe I,
4443.812,124,Ti II,
4444.562,50,Ti II,
4445.479,30,Fe I,
4445.849,5,Zr II,
4446.399,8.5,Nd II,
4446.843,71,Fe I,
4447.728,177,Fe I,
4449.150,53,Ti I,
4449.341,15,Ce II,
4450.235,5.5,Ni I,
4450.491,79,Ti II,
4450.901,45,Ti I,
4451.588,90,Mn I,
4452.007,22,V I,
4452.617,26,Fe I,
4453.006,46,Mn I,
4453.321,59,Ti I,
4454.388,84,Fe I,
4454.793,176,Ca I,
4455.320,79,Mn I,
4455.893,106,Ca I,
4456.627,66,Ca I,
4457.043,38,Mn I,
4457.547,56,Mn I,
4458.088,61,Fe I,
4458.255,66,Mn I,
4459.042,190,Ni I,
4459.755,48,Cr I,
4460.301,100,V I,
4461.084,63,Mn I,
4461.660,116,Fe I,
4462.204,31,Fe I,
4462.461,62,Ni I,
4462.993,13,Nd II,
4463.407,41,Ti I,
4464.685,94,Mn I,
4464.774,41,Fe I,
4465.358,20,Cr I,
4465.814,30,Ti I,
4466.562,125,Fe I,
4466.940,48,Fe I,
4467.555,11,Cr I,
4467.999,8,V I,
4468.500,120,Ti II,
4469.154,49,Ti II,
4469.278,110,Fe I,
4470.138,49,Mn I,
4470.485,69,Ni I,
4470.858,54,Ti II,
4471.682,19,Fe I,
4471.810,6.5,Fe I,
4472.723,63,Fe I,
4472.802,33,Mn I,
4473.764,5.5,Cr I,
4474.569,12,Mo I,
4474.859,18,Ti I,
4476.033,,Fe I,
4481.200,,Ti I,
4485.976,18,Fe I,
4486.914,11,Ce II,
4487.747,15,Fe I,
4488.138,46,Fe I,
4488.329,45,Ti II,
4489.184,61,Fe II,
4489.748,81,Fe I,
4490.089,67,Fe I,
4490.543,20,Ni I,
4490.781,76,Fe I,
4491.408,66,Fe II,
4491.852,10,Cr I,
4492.688,29,Fe I,
4493.530,26,Ti II,
4494.062,32,Fe I,
4494.573,139,Fe I,
4495.008,12,Ti I,
4495.575,24,Fe I,
4496.157,39,Ti I,
4496.860,79,Cr I,
4497.680,27,Na I,
4498.732,21,Cr I,
4498.900,48,Mn I,
4499.501,2,Sm II,
4500.288,39,Cr I,
4501.102,27,Cr I,
4501.278,111,Ti II,
4502.221,49,Mn I,
4502.600,21,Fe I,
4503.761,8,Ti I,
4504.838,46,Fe I,
4505.730,1,Ti I,
4506.326,9,Ni I,
4506.842,9.5,Cr I,
4507.395,7.5,Ca I,
4508.011,6,Ti I,
4508.289,,Fe II,
4509.128,2,Fe I,
4509.995,34,Cr I,
4510.178,1.5,Pr II,
4510.830,8,Fe I,
4511.310,2,In I,
4511.900,31,Cr I,
4512.741,55,Ti I,
4512.997,16,Ni I,
4513.720,9,Ti I,
4514.193,48,V I,
4514.496,68,Cr I,
4515.178,14,Fe I,
4515.440,75,Cr I,
4516.089,1,Fe I,
4516.272,9.5,Fe I,
4517.534,61,Fe I,
4518.032,62,Ti I,
4518.587,14,Fe I,
4518.982,1,Mn II,
4519.637,5,Sm II,
4520.229,69,Fe II,
4520.399,3,Ti II,
4521.136,11,Cr I,
4521.668,0.5,Fe I,
4521.887,2,Ni I,
4522.528,101,Fe I,
4522.807,65,Ti I,
4523.407,36,Fe I,
4523.924,11,Sm II,
4524.691,18,Ti II,
4525.146,120,Fe I,
4525.866,17,Fe I,
4526.568,38,Fe I,
4526.933,75,Ca I,
4527.325,67,Ti I,
4527.788,21,Fe I,
4528.627,275,Fe I,
4529.560,99,Fe I,
4529.852,15,Cr I,
4530.698,76,Cr I,
4531.158,106,Fe I,
4531.631,55,Fe I,
4532.138,2,V II,
4533.249,90,Ti I,
4533.970,109,Ti II,
4534.620,5.5,Fe I,
4534.785,81,Ti I,
4535.712,84,Cr I,
4536.054,147,Ti I,
4536.504,10,Fe I,
4537.221,5,Ti I,
4537.676,13,Fe I,
4537.818,1.5,Ti I,
4538.597,9.5,Fe I,
4539.094,4,Ti I,
4539.777,37,Ce II,
4540.710,52,Cr I,
4541.068,22,Cr I,
4541.523,58,Fe II,
4541.943,8,Fe I,
4542.617,31,Cr I,
4543.229,3,Fe I,
4544.022,35,Ti II,
4544.621,97,Cr I,
4545.143,42,Ti II,
4545.338,30,Cr I,
4545.962,73,Cr I,
4546.679,7.5,Fe I,
4547.022,92,Fe I,
4547.300,34,Ti I,
4547.853,73,Fe I,
4548.770,63,Ti I,
4549.474,231,Fe II,
4549.820,53,Ti II,
4550.773,72,Fe I,
4551.654,23,Fe I,
4551.848,1,V I,
4552.463,109,Ti I,
4553.174,12,Ni I,
4554.036,159,Ba II,
4554.536,4,Ru I,
4554.992,39,Cr II,
4555.492,54,Ti I,
4555.892,77,Fe II,
4557.284,26,Fe I,
4558.113,19,Fe I,
4558.650,66,Cr II,
4560.097,42,Fe I,
4560.278,13,Ce II,
4560.966,4.5,Ce II,
4562.367,17,Ce II,
4563.237,6,Cr I,
4563.427,11,Ti I,
4563.766,120,Ti II,
4564.702,30,Fe I,
4564.828,24,Fe I,
4565.518,67,Cr I,
4566.233,7.5,Sm II,
4566.662,5,Fe I,
4566.873,40,Fe I,
4567.409,2,Ni I,
4568.328,25,Ti II,
4568.771,60,Fe I,
4569.618,24,Cr I,
4570.025,5,Co I,
4570.387,2,V I,
4570.918,6.5,Ti I,
4571.675,39,Cr I,
4571.982,126,Ti II,
4572.284,15,Ce II,
4572.864,11,Fe I,
4573.656,0.5,Si I,
4574.225,33,Fe I,
4574.728,52,Fe I,
4574.902,9.5,La II,
4575.790,15,Fe I,
4576.517,6.5,Ti I,
4577.184,25,V I,
4577.694,4,Sm II,
4578.559,73,Ca I,
4579.187,1.5,V I,
4579.338,22,Fe I,
4580.062,80,Cr I,
4580.414,42,V I,
4581.196,22,Fe I,
4581.519,201,Ca I,
4582.309,16,Fe I,
4582.833,49,Fe II,
4583.415,25,Ti II,
4584.090,11,Cr I,
4584.726,32,Fe I,
4585.079,5.5,Cr I,
4585.343,14,Fe I,
4585.973,134,V I,
4586.378,38,V I,
4587.134,46,Fe I,
4587.723,14,Fe I,
4588.204,66,Cr II,
4588.760,1.5,Co I,
4589.953,70,Ti II,
4590.677,2,Cr I,
4590.793,25,Fe I,
4591.400,59,Cr I,
4592.057,44,Cr II,
4592.659,95,Fe I,
4593.533,22,Fe I,
4594.126,46,V I,
4594.639,10,Co I,
4594.894,26,Ni I,
4595.365,61,Fe I,
4595.956,34,Ni I,
4596.416,29,Fe I,
4596.905,14,Co I,
4597.383,23,Fe I,
4598.364,16,Fe I,
4599.227,6,Ti I,
4600.107,28,Cr I,
4600.364,53,Ni I,
4600.757,80,Cr I,
4601.270,7.5,Si I,
4602.949,97,Fe I,
4603.348,14,Si I,
4603.953,15,Fe I,
4604.560,37,Fe I,
4604.996,62,Ni I,
4605.594,40,Fe I,
4606.226,39,Ni I,
4606.396,9.5,Cr I,
4606.797,5.5,Nb I,
4607.654,75,Fe I,
4609.266,11,Ti II,
4609.912,22,Ni I,
4611.194,131,Fe I,
4612.075,3.5,Pr I,
4612.611,8,Fe I,
4613.367,62,Cr I,
4613.921,29,Zr II,
4614.534,5,Cr I,
4615.569,24,Fe I,
4616.628,37,Cr II,
4617.276,49,Ti I,
4617.967,7.5,Ni I,
4618.600,1.5,Fe I,
4619.297,70,Fe I,
4619.780,6.5,V I,
4620.520,47,Fe II,
4621.033,2,Cr I,
4621.479,2.5,Si I,
4621.942,45,Cr I,
4622.453,33,Cr I,
4623.101,46,Ti I,
4624.558,6.5,Co I,
4624.901,6,Ce II,
4625.314,5,Cr I,
4626.182,67,Cr I,
4626.538,21,Mn I,
4626.792,6.5,Fe I,
4627.368,14,Si I,
4628.160,14,Ce II,
4628.457,6,Cr I,
4628.917,7,Co I,
4629.342,80,Ti I,
4630.128,61,Fe I,
4631.036,7,Fe I,
4631.484,10,Fe I,
4632.139,12,Fe I,
4632.819,97,Fe I,
4633.256,10,Cr I,
4634.079,53,Cr II,
4634.605,1,Cr I,
4634.871,4,Ti I,
4635.311,14,Fe I,
4635.853,44,Fe II,
4636.324,14,Ti II,
4637.178,18,Cr I,
4637.510,77,Fe I,
4638.017,82,Fe I,
4639.671,37,Ti I,
4639.946,31,Ti I,
4640.440,3,Ti I,
4641.216,24,Fe I,
4642.245,7.5,Sm II,
4643.202,6.5,Fe I,
4643.470,63,Fe I,
4645.193,16,Ti I,
4645.308,2,La II,
4646.169,77,Cr I,
4646.376,14,V I,
4646.780,16,Cr I,
4647.701,9.5,Fe I,
4648.120,19,Cr I,
4648.657,67,Ni I,
4648.948,18,Fe II,
4649.817,16,Fe I,
4651.290,66,Cr I,
4652.167,82,Cr I,
4653.490,8,Fe I,
4654.044,1,C2,
4654.629,171,Fe I,
4655.656,16,Ni I,
4656.188,18,Cr I,
4656.474,55,Ti I,
4657.204,38,Ti II,
4657.590,24,Fe I,
4658.044,2.5,Fe II,
4658.300,14,Fe I,
4660.241,2.5,C2,
4660.907,19,Fe I,
4661.539,28,Fe I,
4661.979,35,Fe I,
4663.182,18,Fe I,
4663.317,27,Cr I,
4663.822,28,Cr I,
4664.324,4,Ni I,
4664.794,52,Cr I,
4665.547,5,Fe I,
4665.906,28,Cr I,
4666.754,45,Fe II,
4667.460,75,Fe I,
4668.149,112,Fe I,
4668.572,39,Na I,
4668.780,5,C2,
4669.323,31,Cr I,
4670.173,27,Fe II,
4670.413,55,Sc II,
4671.215,2.5,Si I,
4671.687,11,Mn I,
4672.036,5,Fe I,
4673.169,72,Fe I,
4673.278,39,Fe I,
4674.303,34,Fe I,
4675.112,30,Ti I,
4675.604,14,Ni I,
4676.926,3.5,Sm II,
4677.596,12,Fe I,
4678.420,9,Fe I,
4678.854,97,Fe I,
4679.578,1,C2,
4679.983,6.5,Fe I,
4680.749,4,Nd II,
4680.863,26,Cr I,
4681.474,26,Fe I,
4681.919,64,Ti I,
4682.570,22,Fe I,
4682.960,6.5,C2,
4683.567,46,Fe I,
4684.601,22,Cr I,
4685.034,16,Fe I,
4685.275,53,Ca I,
4686.222,56,Ni I,
4686.630,1.5,Fe I,
4687.186,5,Sm II,
4687.393,44,Fe I,
4687.805,7.5,Zr I,
4688.688,30,C2,
4689.062,4,C2,
4689.361,31,Cr I,
4690.379,13,Fe I,
4690.798,4.5,Ti I,
4691.779,6,C2,
4692.524,8.5,La II,
4693.195,17,Co I,
4693.674,12,Ti I,
4693.947,22,Cr I,
4694.457,3.5,C2,
4694.870,32,Fe I,
4695.446,8,Si I,
4696.030,3,C2,
4696.262,8,Si I,
4697.058,26,Cr I,
4697.398,14,Cr I,
4698.081,4.5,C2,
4698.623,45,Cr I,
4698.771,40,Ti I,
4699.583,8,Cr I,
4700.162,52,Fe I,
4700.619,12,Cr I,
4701.054,38,Fe I,
4701.542,46,Ni I,
4701.898,15,Fe I,
4703.003,326,Mg I,
4703.491,10,C2,
4703.818,58,Ni I,
4704.412,4,Sm II,
4704.954,58,Fe I,
4705.473,36,Fe I,
4705.925,9,Ni I,
4706.554,26,Nd II,
4706.830,5,C2,
4707.285,107,Fe I,
4708.019,52,Cr I,
4708.672,46,Ti II,
4708.976,111,Fe I,
4709.718,62,Mn I,
4710.192,98,Ti I,
4710.561,4,V I,
4711.491,28,Fe I,
4712.083,34,Ni I,
4712.497,13,Fe I,
4712.975,18,C2,
4713.340,3.5,C2,
4714.071,36,Fe I,
4714.371,132,Fe I,
4715.299,11,Ti I,
4715.767,68,Ni I,
4716.508,2,Fe I,
4716.833,6,Fe I,
4717.710,9,V I,
4718.423,60,Cr I,
4719.225,4,Fe I,
4719.510,11,Ti II,
4719.856,5.5,Sm II,
4720.577,4.5,Fe I,
4720.999,47,Fe I,
4721.525,3,V I,
4722.163,63,Zn I,
4722.615,14,Ti I,
4723.114,31,Cr I,
4723.347,6,Ni I,
4723.752,3.5,C2,
4724.415,27,Cr I,
4724.847,4.5,C2,
4725.584,1.5,C2,
4726.145,16,Fe I,
4726.334,4,C2,
4727.156,25,Cr I,
4727.488,122,Mn I,
4728.167,18,Fe I,
4728.552,73,Fe I,
4729.023,35,Fe I,
4729.682,45,Fe I,
4730.038,65,Mg I,
4730.720,43,Cr I,
4731.173,11,Ti I,
4731.473,79,Fe II,
4731.804,39,Ni I,
4732.466,39,Ni I,
4732.948,3,Ti II,
4733.598,76,Fe I,
4734.577,8,C2,
4734.832,5,Co I,
4735.664,5,C2,
4736.030,13,C2,
4736.508,12,Ni I,
4736.965,18,C2,
4737.635,38,Fe I,
4737.764,6,Co I,
4738.830,1.5,Si I,
4739.113,56,Mn I,
4739.454,6,Zr I,
4740.168,14,Ni I,
4740.344,37,Fe I,
4741.075,33,Sc I,
4741.355,3.5,Ni I,
4742.124,5,Ti I,
4742.294,11,Ti I,
4742.798,27,Ti I,
4743.817,7.5,Sc I,
4744.387,60,Fe I,
4745.138,12,Fe I,
4745.312,12,Cr I,
4745.807,69,Fe I,
4746.640,0.5,V I,
4747.683,4.5,Ti I,
4747.980,15,Si I,
4748.737,4,La II,
4749.662,35,Co I,
4749.952,33,Fe I,
4751.093,26,Fe I,
4751.825,15,Na I,
4752.430,60,Ni I,
4752.902,3,Cr I,
4754.039,130,Mn I,
4754.360,11,Co I,
4754.765,49,Ni I,
4755.264,5.5,Si I,
4756.117,60,Cr I,
4756.521,75,Ni I,
4757.585,54,Fe I,
4758.124,40,Ti I,
4758.726,11,V I,
4758.917,4,Ti I,
4759.276,41,Ti I,
4760.074,8,Fe I,
4761.246,11,Cr I,
4761.528,74,Mn I,
4762.375,105,Mn I,
4762.782,30,Ti I,
4763.930,90,Ni I,
4764.531,31,Ti II,
4765.864,71,Mn I,
4766.423,89,Mn I,
4766.869,20,Fe I,
4767.270,14,Cr I,
4767.857,20,Cr I,
4769.799,16,Ti I,
4769.997,16,C I,
4770.683,5.5,Cr I,
4771.089,20,Ti I,
4772.823,88,Fe I,
4773.413,17,Ni I,
4774.540,1,Cr I,
4775.127,5.5,Cr I,
4775.502,5.5,Cr I,
4776.070,29,Fe I,
4776.320,52,Co I,
4777.593,2.5,Cr I,
4777.850,1.5,Sm I,
4778.258,16,Ti I,
4780.810,10,Fe I,
4781.720,15,Ti I,
4782.983,29,Si I,
4783.424,157,Mn I,
4784.100,6,Sr I,
4784.940,1,Zr I,
4785.960,30,Fe I,
4786.542,110,Ni I,
4786.814,95,Fe I,
4787.503,1.5,Fe I,
4787.833,43,Fe I,
4788.765,72,Fe I,
4789.342,71,Cr I,
4789.790,3.5,Ti I,
4790.334,16,Cr I,
4790.968,14,Ni I,
4791.256,40,Fe I,
4792.214,12,Si I,
4792.514,77,Cr I,
4792.862,40,Co I,
4793.433,4.5,Ni I,
4793.967,9,Fe I,
4794.359,13,Fe I,
4794.838,2.5,Ti II,
4796.189,24,Cr I,
4796.365,3.5,Co I,
4796.905,12,V I,
4797.975,7.5,Ti I,
4798.537,50,Ti II,
4799.070,2.5,Fe I,
4799.794,75,V I,
4800.653,72,Fe I,
4801.031,56,Cr I,
4801.612,6,Fe I,
4801.914,1,Ti I,
4802.887,70,Fe I,
4804.521,26,Fe I,
4805.099,128,Ti II,
4805.420,37,Ti I,
4805.890,2,Zr I,
4806.252,7,Cr I,
4806.994,70,Ni I,
4807.533,15,V I,
4808.158,30,Fe I,
4808.685,47,Fe I,
4808.879,28,Ni I,
4809.267,12,Fe I,
4810.537,84,Zn I,
4811.046,16,Fe I,
4811.352,9.5,Nd II,
4811.993,25,Ni I,
4812.352,41,Cr II,
4813.117,24,Fe I,
4813.479,51,Co I,
4813.973,9.5,Co I,
4814.594,20,Ni I,
4815.223,14,Fe I,
4815.932,16,Ni I,
4816.423,3,Cr I,
4817.376,9.5,C I,
4817.808,62,Fe I,
4819.022,3,Ti I,
4820.414,44,Ti I,
4821.126,33,Ni I,
4821.601,8,T I,
4822.667,9,Fe I,
4823.514,165,Mn I,
4824.143,94,Cr II,
4824.29,5,Zr I,
4825.349,30,Fe I,
4827.618,21,Ti I,
4828.06,0.5,Zr I,
4828.699,9.5,Cr I,
4829.027,91,Ni I,
4829.369,84,Cr I,
4831.182,81,Ni I,
4831.651,16,V I,
4832.041,7,Sr I,
4832.719,68,Ni I,
4833.192,9,Fe II,
4833.819,8,Fe I,
4834.517,28,Fe I,
4834.815,2.5,Ni I,
4835.875,44,Fe I,
4836.35,2,Cr I,
4836.857,16,Cr I,
4837.666,3.5,Fe I,
4838.219,4,Mn I,
4839.25,1.5,Ti I,
4839.884,12,Y I,
4840.316,88,Fe I,
4840.884,60,Ti I,
4841.674,8,Fe I,
4841.791,24,Fe I,
4843.152,67,Fe I,
4843.507,20,Co I,
4844.022,39,Fe I,
4844.311,12,Mn I,
4845.165,3.5,Ni I,
4845.656,36,Fe I,
4846.33,5,Cr I,
4847.191,3.5,Cr I,
4847.311,20,Ca I,
4848.252,52,Cr II,
4848.887,33,Fe I,
4849.663,16,Fe I,
4850.201,1.5,Cr I,
4850.941,1,Cr I,
4851.496,31,V I,
4852.562,36,N I,
4853.277,7,Ni I,
4853.777,16,Ni I,
4854.616,4,Mn I,
4854.873,41,Y II,
4855.418,73,Ni I,
4856.019,39,Ti I,
4857.099,4,Zr II,
4857.395,42,Ni I,
4857.97,1,Co I,
4858.254,8.5,Fe I,
4859.134,18,Fe I,
4859.747,108,Fe I,
4860.217,9,Cr II,
4860.986,3.5,Fe I,
4861.35,3000,H$\beta$,*
4861.849,15,Cr I,
4862.598,16,Fe I,
4863.65,48,Fe I,
4863.936,22,Ni I,
4864.323,50,Cr II,
4864.85,2,V I,
4865.618,34,Ti II,
4866.277,66,Ni I,
4866.883,2,Si I,
4867.537,7.5,Fe I,
4868.263,26,Ti I,
4869.147,2.5,Ru I,
4869.469,20,Fe I,
4870.136,36,Ti I,
4870.419,5.5,C2,
4870.816,74,Cr I,
4871.325,228,Fe I,
4872.144,195,Fe I,
4872.508,7,Sr I,
4873.446,58,Ni I,
4874.014,34,Ti II,
4874.36,18,Fe I,
4874.793,21,Ni I,
4875.492,41,V I,
4875.881,55,Fe I,
4876.401,41,Cr II,
4877.596,21,Fe I,
4878.128,187,Ca I,
4878.721,3,CH,
4879.15,2,CH,
4880.045,5,Cr I,
4880.527,8,V I,
4880.935,9,Ti I,
4881.724,61,Fe I,
4882.148,70,Fe I,
4882.705,6,Co I,
4883.69,51,Y II,
4884.051,7.5,V II,
4884.598,21,Cr II,
4885.088,53,Ti I,
4885.434,60,Fe I,
4885.774,22,Cr I,
4886.337,68,Fe I,
4887.009,63,Cr I,
4888.639,91,Fe I,
4889.111,121,Fe I,
4889.648,1,C2,
4890.215,5,Cr I,
4890.438,9,Ni I,
4890.763,220,Fe I,
4891.502,312,Fe I,
4891.866,2.5,Ti I,
4892.865,44,Fe I,
4893.704,4,Fe I,
4893.817,11,Fe II,
4894.37,3,Cr I,
4895.661,2,Fe I,
4896.442,26,Fe I,
4897.2,4,Co I,
4898,2,Cr I,
4898.94,3.5,Fe I,
4899.513,5,Co I,
4899.917,57,Ti I,
4900.629,3,Ti I,
4900.97,17,Ni I,
4902.078,3.5,Cr I,
4902.384,8.5,Fe I,
4903.099,4.5,Fe I,
4903.259,157,Cr I,
4904.171,4,Co I,
4904.418,91,Ni I,
4905.138,30,Fe I,
4907.12,5,Co I,
4907.735,61,Fe I,
4908.032,37,Fe I,
4908.611,4.5,Fe I,
4909.105,5.5,Ti I,
4909.387,66,Fe I,
4910.02,91,Fe I,
4910.57,80,Fe I,
4911.199,,Ti II,
4911.536,24,Fe I,
4912.025,47,Ni I,
4912.491,9.5,Fe I,
4913.622,49,Ti I,
4913.978,57,Ni I,
4915.234,6,Ti I,
4915.775,2,Ti I,
4916.674,4.5,Fe I,
4917.235,60,Fe I,
4918.015,53,Fe I,
4918.371,75,Ni I,
4918.998,278,Fe I,
4919.749,11,Fe I,
4919.872,24,Ti I,
4920.514,471,Fe I,
4920.963,29,Cr I,
4922.162,97,Fe I,
4923.154,16,Fe I,
4923.28,4,Cr I,
4923.93,167,Fe II,
4924.777,101,Fe I,
4925.574,58,Ni I,
4926.154,5.5,Ti I,
4927.428,55,Fe I,
4927.872,68,Fe I,
4928.341,30,Ti I,
4928.89,1,Ti I,
4930.31,82,Fe I,
4930.8,19,Ni I,
4932.016,45,V I,
4933.19,39,Fe I,
4933.338,97,Fe I,
4934.03,207,Fe I,
4934.872,4,Cr I,
4935.834,65,Ni I,
4936.341,43,Cr I,
4937.348,86,Ni I,
4938.293,92,Ti I,
4938.82,119,Fe I,
4939.694,96,Fe I,
4941.569,3,Ti I,
4941.907,5,Ni I,
4942.484,100,Cr I,
4943.06,1,Ti I,
4943.448,1.5,Ce II,
4944,5,Cr I,
4944.287,10,Fe I,
4945.447,44,Ni I,
4946.034,24,Ni I,
4946.395,113,Fe I,
4947.6,17,V II,
4948.191,7.5,Ti I,
4948.597,3,Sm II,
4948.78,1,Zr I,
4949.576,3,Cr I,
4950.111,76,Fe I,
4950.624,6,C2,
4951.411,4.5,C2,
4952.647,54,Fe I,
4953.212,53,Ni I,
4953.728,5,Cr I,
4954.016,4,Fe II,
4954.605,37,Fe I,
4954.809,54,Cr I,
4955.974,6,C2,
4956.746,2.5,MgH,
4957.613,696,Fe I,
4958.257,14,Ti I,
4959.12,7,Nd I,
4959.7,1,Co I,
4961.054,17,Fe I,
4961.92,26,Fe I,
4962.576,52,Fe I,
4963.07,3,C2,
4963.55,2,C2,
4964.726,7,Ti I,
4964.933,35,Cr I,
4965.405,5.5,V II,
4966.095,114,Fe I,
4966.576,3,Co I,
4966.803,2.5,Cr I,
4967.523,12,Ni I,
4967.903,74,Fe I,
4968.705,46,Fe I,
4969.922,69,Fe I,
4970.501,51,Fe I,
4971.92,2.5,Co I,
4972.656,3,C2,
4973.104,88,Fe I,
4974.363,8.5,Ni I,
4975.412,35,Fe I,
4976.138,27,Ni I,
4976.333,36,Ni I,
4976.881,2.5,C2,
4977.719,34,Ti I,
4978.194,34,Ti I,
4978.606,118,Fe I,
4979.206,7,MgH,
4979.59,19,Fe I,
4979.967,6,Co I,
4980.296,112,Fe I,
4981.74,112,Ti I,
4982.136,14,Y II,
4982.507,138,Fe I,
4982.825,83,Na I,
4983.26,114,Fe I,
4983.859,123,Fe I,
4985.554,103,Fe I,
4986.228,45,Fe I,
4986.45,2.5,Co I,
4986.908,18,Fe I,
4987.652,2.5,Fe I,
4988.138,6,C2,
4988.955,80,Fe I,
4989.954,6.5,Nd II,
4990.453,26,Fe I,
4991.072,102,Ti I,
4991.275,87,Fe I,
4991.861,16,Fe I,
4992.287,6,C2,
4992.778,8,Fe I,
4993.352,34,Fe II,
4994.138,95,Fe I,
4995.08,3,Ti I,
4995.659,16,Ni I,
4996.195,7,Fe I,
4996.633,49,N I,
4997.1,27,Ti I,
4998.23,56,Ni I,
4998.567,3.5,Cr I,
4999.119,29,Fe I,
4999.51,104,Ti I,
5000.349,70,Ni I,
5000.99,44,Ti I,
5001.472,20,Ca II,
5001.87,168,Fe I,
5002.328,6.5,V I,
5002.798,85,Fe I,
5003.747,34,Ni I,
5004.049,50,Fe I,
5004.365,17,Cr I,
5005.171,26,Ti II,
5005.719,136,Fe I,
5006.694,9.5,Fe I,
5007.217,174,Ti I,
5007.734,33,Fe I,
5008.225,3,MgH,
5009.655,24,Ti I,
5010.024,35,Ni I,
5010.327,9.5,Fe I,
5010.943,46,Ni I,
5012.156,154,Fe I,
5012.448,58,Ni I,
5013.305,59,Ti I,
5013.779,55,C2,
5014.285,148,Ti I,
5015.303,16,Fe I,
5016.168,60,Ti I,
5017.047,7.5,C2,
5017.584,90,Ni I,
5017.814,18,C2,
5018.45,210,Fe II,
5019.176,10,Fe I,
5019.732,24,Fe I,
5020.031,86,Ti I,
5020.819,17,Fe I,
5022.241,114,Fe I,
5022.874,72,Ti I,
5023.496,26,Fe I,
5023.832,6.5,C I,
5024.85,62,Ti I,
5025.566,52,Ti I,
5025.764,11,Fe I,
5026.488,3,Ni I,
5027.13,105,Fe I,
5028.133,83,Fe I,
5029.03,5,MgH,
5029.623,41,Fe I,
5029.815,12,Mn I,
5030.782,20,Fe I,
5031.916,21,Fe I,
5032.733,23,Ni I,
5033.538,4.5,C2,
5034.178,5,C2,
5034.356,7,C2,
5034.991,4,Fe I,
5035.37,109,Ni I,
5035.974,115,Ni I,
5036.471,66,Ti I,
5036.924,23,Fe I,
5037.709,20,C2,
5037.808,7,C2,
5038.403,60,Ti I,
5039.06,16,C I,
5039.258,73,Fe I,
5039.964,66,Ti I,
5040.614,16,Ti I,
5040.89,116,Fe I,
5041.619,86,Ca I,
5041.854,158,Fe I,
5042.58,8.5,Mn I,
5042.921,8,MgH,
5043.588,14,Ti I,
5044.218,70,Fe I,
5045.082,2.5,Fe I,
5045.27,12,C2,
5047.12,7,Fe I,
5047.302,7.5,V I,
5048.062,30,Ni I,
5048.439,70,Fe I,
5048.853,52,Ni I,
5049.592,8,MgH,
5049.827,135,Fe I,
5050.737,6,C2,
5051.642,111,Fe I,
5052.151,40,C I,
5052.738,6,C2,
5052.88,14,Ti I,
5053.295,50,W I,
5054.083,7.5,Ti I,
5054.647,35,Fe I,
5055.426,1.5,MgH,
5055.988,24,Fe I,
5056.434,12,MgH,
5056.846,24,Fe I,
5057.487,17,Fe I,
5057.985,29,Fe I,
5058.495,10,Fe I,
5058.812,5.5,C2,
5059.393,1.5,C2,
5059.929,5.5,C2,
5061.525,3.5,MgH,
5062.104,15,Ti I,
5062.384,4.5,C2,
5063.174,11,C2,
5063.306,5.5,C2,
5064.066,6.5,Ti I,
5064.658,79,Ti I,
5065.989,19,Ti I,
5066.727,10,C2,
5067.155,73,Fe I,
5067.746,24,Cr I,
5067.829,12,Ni I,
5068.302,10,Cr I,
5068.771,129,Fe I,
5069.625,2,MgH,
5069.991,9,C2,
5070.295,3,C2,
5071.491,25,Ti I,
5071.774,7.5,C2,
5072.677,60,Fe I,
5072.922,31,Cr I,
5073.453,9.5,C2,
5074.753,115,Fe I,
5075.3,28,C2,
5075.818,4.5,Sc I,
5076.617,15,C2,
5076.766,6.5,C2,
5077.38,8.5,C2,
5078.074,4,C2,
5078.711,7.5,Cr I,
5079.23,100,Fe I,
5079.745,87,Fe I,
5079.965,47,Ni I,
5080.539,93,Ni I,
5081.119,91,Ni I,
5081.581,8,Sc I,
5081.852,6,Fe I,
5082.349,58,Ni I,
5083.032,14,C2,
5083.345,95,Fe I,
5084.105,93,Ni I,
5084.552,8.5,Fe I,
5084.838,5,C2,
5085.489,18,Ni I,
5086.248,12,C2,
5086.398,6.5,C2,
5087.062,22,Ti I,
5087.426,40,Y II,
5088.158,32,Fe I,
5088.543,26,Ni I,
5088.96,25,Ni I,
5089.367,7,C2,
5090.221,7,MgH,
5090.976,6,C2,
5091.725,7.5,Fe I,
5092.309,14,C2,
5093.684,5.5,C2,
5094.026,8.5,C2,
5094.418,25,Ni I,
5094.945,10,Co I,
5095.341,7.5,MgH,
5095.892,4.5,C2,
5097.005,90,Fe I,
5097.492,38,Fe I,
5097.876,1,C2,
5098.707,102,Fe I,
5099.081,52,Fe I,
5099.329,70,Ni I,
5099.936,79,Ni I,
5100.656,17,Fe II,
5100.854,12,Fe II,
5101.275,5,C2,
5102.013,0.5,C2,
5102.431,12,C2,
5102.973,42,Ni I,
5103.743,11,C2,
5104.033,25,Fe I,
5104.44,29,Fe I,
5105.182,2.5,C2,
5105.545,82,Cu I,
5106.451,10,Fe I,
5106.877,4.5,MgH,
5107.651,97,Fe I,
5107.884,11,C2,
5109.122,10,C2,
5109.657,69,Fe I,
5110.017,4,C2,
5110.435,126,Fe I,
5110.763,27,Cr I,
5111.634,9,MgH,
5111.871,8,C2,
5112.279,8,Zr II,
5113.127,23,Cr I,
5113.447,23,Ti I,
5115.001,4,C2,
5115.398,72,Ni I,
5115.79,23,Fe I,
5116.662,7.5,C2,
5116.902,6.5,C2,
5117.348,3.5,C2,
5117.942,21,Mn I,
5118.36,3,MgH,
5118.822,5,MgH,
5119.379,7,C2,
5119.903,3.5,Fe I,
5120.42,31,Ti I,
5120.886,7.5,MgH,
5121.649,71,Fe I,
5122.121,11,Cr I,
5122.309,5,C2,
5123.222,29,Y II,
5123.73,101,Fe I,
5124.051,19,C2,
5124.389,3.5,MgH,
5125.128,100,Fe I,
5125.475,11,C2,
5126.199,75,Fe I,
5126.686,5,C2,
5126.864,6.5,C2,
5127.368,85,Fe I,
5128.081,18,C2,
5128.494,8.5,C2,
5129.162,70,Ti II,
5129.377,62,Ni I,
5129.823,4,MgH,
5130.372,23,Ni I,
5130.93,1.5,Fe I,
5131.476,72,Fe I,
5131.773,42,Ni I,
5132.351,7.5,C2,
5133.198,6,Fe I,
5133.478,18,Co I,
5133.82,165,C2,
5134.528,18,MgH,
5135.184,6.5,Y I,
5135.582,10,C2,
5135.931,1.5,Cr I,
5136.273,11,C2,
5137.08,92,Ni I,
5137.393,102,Fe I,
5138.11,7.5,C2,
5138.717,13,Cr I,
5138.869,6.5,Cr I,
5139.473,152,Fe I,
5139.924,13,C2,
5140.38,5.5,C2,
5141.211,13,C2,
5141.746,90,Fe I,
5141.902,7.5,C2,
5142.53,117,Fe I,
5142.936,111,Fe I,
5143.728,23,Fe I,
5143.864,6,C2,
5144.674,21,MgH,
5145.237,7,C2,
5145.468,37,Ti I,
5146.119,37,Fe II,
5146.491,76,Ni I,
5147.103,24,Fe I,
5147.482,36,Ti I,
5148.237,89,Fe I,
5148.676,13,Ni I,
5149.095,18,C2,
5149.52,6,MgH,
5150.197,22,MgH,
5150.563,13,C2,
5150.852,114,Fe I,
5151.917,100,Fe I,
5152.529,4,C2,
5153.241,56,Cu I,
5153.41,24,Na I,
5154.075,73,Ti II,
5154.337,13,C2,
5155.132,52,Ni I,
5155.524,14,C2,
5155.771,78,Ni I,
5156.652,26,MgH,
5156.997,6.5,MgH,
5157.619,12,C2,
5157.984,19,Ni I,
5158.525,11,C2,
5159.065,65,Fe I,
5159.464,12,C2,
5159.779,4,MgH,
5160.835,12,Fe II,
5161.028,16,C2,
5161.683,6,C2,
5161.764,14,C2,
5162.281,154,Fe I,
5162.907,21,C2,
5163.415,14,C2,
5164.236,18,C2,
5164.552,48,Fe I,
5165.035,29,C2,
5165.415,87,Fe I,
5165.963,5,MgH,
5166.284,0,Fe I,
5167.327,935,Mg I b4,*
5168.194,8,MgH,
5168.663,67,Ni I,-
5168.91,700,Fe I b3,*
5169.05,154,Fe II,
5169.3,30,Fe I,
5170.106,3,Fe I,
5170.598,6,MgH,
5171.028,5,Ru I,
5171.61,160,Fe I,
5172.221,13,Fe I,
5172.698,1259,Mg I b2,*
5173.749,67,Ti I,
5173.911,3.5,Pr II,
5174.943,4,MgH,
5175.411,4.5,MgH,
5176.138,9.5,Co I,
5176.565,56,Ni I,
5177.241,24,Fe I,
5177.411,20,Cr I,
5177.811,2,Cr I,
5178.48,5.5,MgH,
5178.801,24,Fe I,
5180.069,50,Fe I,
5180.583,4.5,MgH,
5180.875,2.5,MgH,
5181.33,18,MgH,
5181.957,3.5,MgH,
5182.74,0.5,Ni I,
5183.600,1584,Mg I b1,*
5184.562,43,Ni I,
5184.829,1.5,MgH,
5185.908,58,Ti II,
5186.557,16,Ni I,
5187.457,5.5,Ce II,
5187.917,50,Fe I,
5188.698,202,Ti II,
5189.581,2,Si I,
5190.5,7,MgH,
5191.078,9,MgH,
5191.465,160,Fe I,
5191.998,42,Cr I,
5192.353,176,Fe I,
5192.978,80,Ti I,
5193.502,10,Cr I,
5194.056,10,Ti I,
5194.949,126,Fe I,
5195.48,114,Fe I,
5196.065,78,Fe I,
5196.452,34,Cr I,
5197.17,25,Ni I,
5197.576,80,Fe II,
5197.942,37,Fe I,
5198.718,87,Fe I,
5198.866,5.5,MgH,
5199.6,3.5,MgH,
5200.185,22,Cr I,
5200.415,37,Y II,
5201.095,11,Ti I,
5201.606,3.5,MgH,
5202.99,2.5,MgH,
5204.246,8,MgH,
5204.601,212,Fe I,
5204.945,6.5,Fe I,
5205.73,52,Y II,
5206.044,216,Cr I,
5206.545,17,Cr I,
5206.811,5.5,Fe I,
5207.623,4.5,MgH,
5207.935,19,Fe I,
5208.432,247,Cr I,
5209.24,4,MgH,
5209.609,1,MgH,
5209.892,9.5,Fe I,
5210.392,86,Ti I,
5210.851,12,Cr II,
5211.535,29,Fe I,
5212.231,10,Cr I,
5212.691,21,Co I,
5212.996,5,Ti I,
5213.352,9,Fe I,
5214.13,16,Cr I,
5214.616,17,Cr I,
5215.188,116,Fe I,
5215.885,1.5,V II,
5216.283,108,Fe I,
5217.396,102,Fe I,
5218.209,48,Cu I,
5218.516,3,Fe I,
5219.706,25,Ti I,
5220.086,14,Cu I,
5220.296,26,Ni I,
5220.912,9.5,Cr I,
5221.763,27,Cr I,
5222.684,23,Ti I,
5223.19,26,Fe I,
5223.628,11,Ti I,
5224.074,10,Cr I,
5224.31,36,Ti I,
5225.032,80,Cr I,
5225.534,68,Fe I,
5226.061,17,Fe I,
5226.545,94,Ti II,
5227.192,277,Fe I,
5227.737,5,Cr I,
5228.103,22,Cr I,
5228.383,60,Fe I,
5229.86,124,Fe I,
5230.392,5,Fe I,
5230.984,3.5,Ti I,
5231.396,9,Fe I,
5232.503,12,Cr II,
5232.952,346,Fe I,
5234.213,8,Nd II,
5234.63,81,Fe II,
5235.188,23,Co I,
5235.39,96,Fe I,
5236.378,9,Fe I,
5237.325,49,Cr II,
5238.249,3,Fe I,
5238.568,15,Ti I,
5238.969,16,Cr I,
5239.823,55,Sc II,
5240.475,8.5,Cr I,
5240.878,4.5,V I,
5241.461,3.5,Cr I,
5241.923,5.5,Fe I,
5242.5,80,Fe I,
5243.36,19,Cr I,
5243.783,60,Fe I,
5245.629,6,Ni I,
5246.004,3,Fe I,
5246.556,4,Ti I,
5247.058,59,Fe I,
5247.574,76,Cr I,
5247.923,16,Co I,
5248.375,5.5,Ti I,
5249.111,30,Fe I,
5249.425,11,Cr II,
5250.216,62,Fe I,
5250.654,104,Fe I,
5250.913,15,Ti I,
5251.487,2.5,Ti I,
5251.974,40,Fe I,
5253.033,16,Fe I,
5253.468,75,Fe I,
5254.651,7,Co I,
5254.953,92,Cr I,
5255.743,41,Fe I,
5257.08,2,Cr I,
5257.645,20,Co I,
5258.323,1.5,Sc I,
5259.089,4,Fe I,
5259.488,51,Ni I,
5259.974,6,Ti I,
5260.39,28,Ca I,
5260.778,3.5,Mn I,
5261.708,99,Ca I,
5262.248,128,Ca I,
5262.623,12,Fe I,
5262.887,19,Fe I,
5263.314,121,Fe I,
5264.16,153,Cr I,
5264.808,,Fe II,
5265.56,112,Ca I,
5265.964,55,Ti I,
5266.472,252,Ti I,
5267.275,25,Fe I,
5268.342,37,Ni I,
5269.55,478,Fe I,
5270.064,7.5,Fe I,
5270.269,255,Ca I,
5271.618,5.5,Ti I,
5272.003,21,Cr I,
5272.4,9.5,Fe II,
5273.17,103,Fe I,
5273.389,104,Fe I,
5274.236,6.5,Ce II,
5275.17,39,Cr I,
5275.284,62,Fe I,
5276.071,152,Cr I,
5276.878,1.5,Nd II,
5277.308,7.5,Fe I,
5278.254,8,Cr I,
5278.961,6.5,S I,
5279.671,5.5,Fe I,
5279.877,18,Cr II,
5280.369,60,Fe I,
5281.163,4,Fe I,
5281.798,164,Fe I,
5282.402,22,Ti I,
5283.443,212,Ti I,
5284.112,67,Fe II,
5284.615,21,Fe I,
5285.13,25,Fe I,
5285.649,4,Cr I,
5287.183,9.5,Cr I,
5288.218,2,Fe I,
5288.533,56,Fe I,
5289.282,2,Ti I,
5289.82,2.5,Y II,
5290.817,5,Fe I,
5292.59,36,Fe I,
5293.042,12,Fe I,
5293.375,4.5,Cr I,
5293.963,29,Fe I,
5295.321,27,Fe I,
5295.784,10,Ti I,
5296.702,95,Cr I,
5297.233,18,Ti I,
5297.385,87,Cr I,
5298.283,110,Cr I,
5298.784,46,Fe I,
5299.984,21,Ti I,
5300.408,5,Fe I,
5301.047,21,Co I,
5301.312,3,Fe I,
5302.307,,Fe I,
5303.223,4,V II,
5304.185,14,Cr I,
5305.43,2,Fe I,
5305.866,25,Cr II,
5307.231,7,Ca II,
5307.369,6,Fe I,
5308.429,28,Cr II,
5309.457,1,Cr I,
5310.242,3,Co I,
5310.697,14,Cr II,
5311.631,3,Hf II,
5311.782,3,Zr II,
5312.656,7.5,Co I,
5312.863,19,Cr I,
5313.585,35,Cr II,
5313.755,2,Ti II,
5315.077,34,Fe I,
5315.784,151,Fe I,
5316.62,112,Fe II,
5317.526,6,Fe I,
5318.04,1.5,Fe I,
5318.361,12,Sc II,
5318.776,14,Cr I,
5320.04,18,Fe I,
5321.114,43,Fe I,
5322.049,60,Fe I,
5322.819,2,Pr II,
5323.507,1,Fe I,
5324.191,334,Fe I,
5325.56,45,Fe II,
5326.149,32,Fe I,
5326.823,11,Fe I,
5327.263,3.5,Fe I,
5328.051,375,Fe I,
5328.542,210,Fe I,
5329.147,78,Cr I,
5329.996,60,Fe I,
5331.199,1,Fe I,
5331.48,15,Fe I,
5332.665,45,V II,
5332.908,96,Fe I,
5333.656,8.5,Co I,
5334.222,3.5,Sc II,
5334.33,2,Fe I,
5334.87,32,Cr II,
5336.169,4,Co I,
5336.794,71,Ti II,
5337.735,,Fe II,
5338.333,13,Ti I,
5339.217,3,Ca II,
5339.535,3.5,Co I,
5339.937,161,Fe I,
5340.454,16,Cr I,
5341.1,,Fe I,
5341.328,12,Co I,
5342.228,1,Fe I,
5342.708,29,Co I,
5342.962,1,Sc I,
5343.438,65,Fe I,
5344.16,2,Nb I,
5344.458,11,Mn I,
5344.763,8.5,Cr I,
5345.543,8.5,Cr I,
5345.807,107,Cr I,
5346.545,20,Cr II,
5347.717,4.5,Ni I,
5348.07,4.5,Mn I,
5348.326,92,Cr I,
5349.098,5,Co I,
5349.469,91,Ca I,
5349.872,16,Mn I,
5350.363,6,Zr II,
5351.071,9.5,Ti I,
5351.652,1,Cr I,
5352.049,21,Co I,
5353.383,75,Fe I,
5355.731,4,Sc I,
5356.084,2,Sc I,
5357.19,4,Sc II,
5359.203,9.5,Co I,
5359.528,2,K I,
5361.629,36,Fe I,
5362.57,1.5,Zr I,
5362.76,110,Fe I,
5364.88,133,Fe I,
5365.407,78,Fe I,
5366.645,2.5,Ti I,
5367.476,157,Fe I,
5368.546,5,Cr I,
5368.92,1.5,Co I,
5369.596,40,Co I,
5369.974,182,Fe I,
5370.33,14,Cr I,
5371.339,294,Ni I,
5371.927,9,Nd II,
5373.714,59,Fe I,
5375.323,2.5,Sc I,
5376.132,3,Cr I,
5376.6,0.5,Ti I,
5376.836,13,Fe I,
5377.614,45,Mn I,
5379.581,56,Fe I,
5380.322,26,C I,
5381.028,56,Ti II,
5382.755,1,Fe I,
5383.38,204,Fe I,
5384.636,2,Ti I,
5384.873,2.5,V II,
5385.587,5.5,Fe I,
5385.89,1.5,Nd II,
5386.34,30,Fe I,
5387.126,2,Fe II,
5388.351,12,Ni I,
5389.169,5,Ti I,
5389.486,90,Fe I,
5389.847,12,T I,
5390.377,12,Cr I,
5391.07,1,Ti I,
5391.465,76,Fe I,
5392.014,7,Fe I,
5392.33,14,Ni I,
5393.176,153,Fe I,
5393.381,12,Ce II,
5394.641,74,Mn I,
5395.222,20,Fe I,
5396.578,7.5,Ti I,
5397.141,239,Fe I,
5397.623,24,Fe I,
5398.287,76,Fe I,
5399.479,39,Mn I,
5400.511,143,Fe I,
5401.271,24,Fe I,
5402.783,12,Y II,
5403.829,60,Fe I,
5404.993,10,Cr I,
5405.358,43,Fe I,
5405.785,266,Fe I,
5406.337,9,Fe I,
5406.779,37,Fe I,
5407.482,67,Mn I,
5408.088,3,Co I,
5409.139,57,Fe I,
5409.609,8.5,Ti I,
5409.799,154,Cr I,
5410.918,169,Fe I,
5411.395,4,Fe I,
5412.574,2,Fe I,
5412.791,19,Fe I,
5413.684,24,Mn I,
5414.075,31,Fe II,
5415.21,212,Fe I,
5416.384,1,Nd II,
5417.042,37,Fe I,
5418.775,49,Ti II,
5421.178,44,Si I,
5421.577,2.5,Nd II,
5424.08,239,Fe I,
5424.654,42,Ni I,
5425.259,48,Fe II,
5426.258,5.5,Ti I,
5427.803,5.5,Fe II,
5429.15,10,Ti I,
5429.706,285,Fe I,
5430.364,8,Ni I,
5431.541,4.5,Nd II,
5432.068,0.5,V II,
5432.548,46,Mn I,
5432.955,72,Fe I,
5434.534,184,Fe I,
5435.866,46,Ni I,
5436.596,37,Fe I,
5438.051,2.5,Fe I,
5438.307,4,Ti I,
5439.303,2,V II,
5439.92,2,Fe I,
5440.503,2,Ti I,
5441.347,28,Fe I,
5442.42,8.5,Cr I,
5444.588,14,Co I,
5445.053,121,Fe I,
5445.776,3,Cr I,
5446.591,74,Ti I,
5446.924,238,Fe I,
5447.938,1.5,Ti I,
5448.378,16,Fe I,
5448.933,2,Ti I,
5451.127,6,Nd II,
5452.101,12,Fe I,
5452.298,3.5,Co I,
5452.85,14,Ni I,
5453.65,4,Ti I,
5454.58,13,Co I,
5455.624,219,Fe I,
5456.528,8,Fe I,
5457.474,11,Mn I,
5457.832,1,Cr I,
5458.58,0,Fe I,
5460.513,8.5,Ti I,
5460.888,7,Fe I,
5461.559,22,Fe I,
5462.501,40,Ni I,
5462.97,93,Fe I,
5463.289,118,Fe I,
5463.972,9.5,Cr I,
5464.288,33,Fe I,
5466.031,2.5,Fe II,
5466.405,76,Fe I,
5466.993,29,Fe I,
5468.114,10,Ni I,
5469.28,7.5,Co I,
5470.093,22,Fe I,
5470.636,46,Mn I,
5471.205,6.5,Ti I,
5472.713,39,Ti I,
5473.168,18,Fe I,
5473.394,7.5,Y II,
5473.91,80,Fe I,
5475.44,4,Ni I,
5476.576,104,Fe I,
5476.921,164,Ni I,
5478.464,46,Fe I,
5479.028,1,Ni I,
5479.98,1.5,Fe I,
5480.518,9.5,Cr I,
5481.443,64,Ti I,
5481.873,10,Ti I,
5483.108,42,Fe I,
5483.364,42,Co I,
5483.912,3.5,Co I,
5484.646,3,Sc I,
5485.706,2.5,Nd II,
5486.524,1,Cr I,
5487.153,32,Fe I,
5487.524,22,Fe I,
5487.755,88,Fe I,
5489.686,6,Co I,
5490.159,18,Ti I,
5490.327,1,C2,
5490.84,2.5,Ti I,
5491.845,11,Fe I,
5493.244,16,Si I,
5493.506,35,Fe I,
5493.857,27,Fe I,
5494.474,25,Fe I,
5494.888,18,Ni I,
5495.706,2,Co I,
5496.573,9,Fe I,
5497.356,128,Y II,
5497.901,3,C2,
5498.749,0.5,C2,
5499.03,2.5,C2,
5499.598,3,Fe I,
5500.749,3,C2,
5500.983,3.5,C2,
5501.477,115,Fe I,
5502.092,23,Cr II,
5503.08,42,Fe I,
5503.904,13,Ti I,
5504.665,1.5,C2,
5505.728,2.5,Fe I,
5505.889,52,Mn I,
5506.51,5.5,Mo I,
5506.791,120,Fe I,
5507.771,2.5,V I,
5508.633,17,Cr II,
5509.114,0.5,Pr II,
5510.02,41,Ni I,
5510.73,16,Cr II,
5511.436,4.5,C2,
5512.062,9,Ce II,
5512.535,47,Ti I,
5512.989,94,Ca I,
5513.384,2.5,C2,
5514.221,1.5,Sc I,
5514.544,43,Ti I,
5514.802,7.5,Ni I,
5515.354,2,C2,
5516.738,41,Mn I,
5517.075,18,Fe I,
5517.552,14,Si I,
5518.095,2,Ti I,
5518.371,2,C2,
5518.796,2,C2,
5519.585,25,Fe I,
5519.858,5.5,Fe II,
5520.511,7.5,Sc I,
5521.139,7,Ca I,
5521.59,5.5,Y I,
5522,5.5,C2,
5522.454,43,Fe I,
5523.338,11,Co I,
5523.87,3,C2,
5524.268,5,Fe I,
5525.135,13,Fe II,
5525.552,102,Fe I,
5526.194,3.5,C2,
5527.112,2,C2,
5527.58,6,Y I,
5527.873,6.5,C2,
5528.418,293,Mg I,
5529.171,17,Fe I,
5530.786,14,Co I,
5531.985,18,Fe I,
5532.355,5,C2,
5532.751,39,Fe I,
5533.438,2,C2,
5533.798,3,C2,
5534.676,10,Fe I,
5534.848,63,Fe II,
5535.51,113,Ba I,
5536.086,3.5,C2,
5536.598,7,Fe I,
5537.119,3,Ni I,
5537.811,34,Mn I,
5538.522,38,Fe I,
5539.063,2.5,C2,
5539.291,22,Fe I,
5539.832,9.5,Fe I,
5540.452,8,C2,
5540.898,6.5,C2,
5541.909,1.5,C2,
5543.199,61,Fe I,
5543.944,63,Fe I,
5544.616,8,Y I,
5545.052,4,C I,
5545.275,2.5,Fe II,
5546.032,6.5,Y II,
5546.514,53,Fe I,
5547,29,Fe I,
5547.945,2.5,C2,
5548.617,2,Cr I,
5549.656,9.5,Fe I,
5549.958,10,Fe I,
5551.548,5.5,C I,
5551.978,8.5,Mn I,
5552.7,7,Fe I,
5553.13,5.5,Fe I,
5553.589,40,Fe I,
5554,2,C2,
5554.528,1.5,C2,
5554.9,102,Fe I,
5555.646,3.5,C2,
5556.202,1,Cr I,
5556.478,1,Yb I,
5557.482,5,C2,
5558.6,1,C2,
5558.77,3,V I,
5559.648,7.5,Fe I,
5560.22,44,Fe I,
5560.431,2,V I,
5561.246,8.5,C2,
5562.716,52,Fe I,
5564.134,1.5,C2,
5564.58,1,C2,
5564.972,4,C2,
5565.713,79,Fe I,
5565.953,4.5,C2,
5566.415,0.5,C2,
5566.814,3,C2,
5567.4,57,Fe I,
5568.28,3.5,Cr I,
5568.871,8.5,Fe I,
5569.631,162,Fe I,
5570.397,6.5,Mo I,
5570.763,1.5,C2,
5571.488,4.5,C2,
5572.155,4.5,C2,
5572.652,4.5,C2,
5573.107,44,Fe I,
5573.544,2,C2,
5573.757,2,C2,
5574.399,3,Cr I,
5574.912,2,C2,
5575.683,2.5,C2,
5576.099,113,Fe I,
5577.028,13,Fe I,
5577.341,6,C2,
5578.729,46,Ni I,
5579.039,4,C2,
5579.493,3.5,C2,
5580.453,3.5,C2,
5581.284,5,C2,
5581.979,91,Ca I,
5582.287,5.5,C2,
5582.757,5.5,C2,
5583.391,2,C2,
5584.514,4.5,V I,
5584.773,32,Fe I,
5585.663,5.5,T I,
5586.28,8.5,V I,
5586.771,245,Fe I,
5587.581,31,Fe I,
5587.868,49,Ni I,
5588.764,141,Ca I,
5589.366,25,N I,
5590.126,86,Ca I,
5590.706,6,Co I,
5591.369,7,Sc I,
5592.152,32,Ni I,
5592.266,50,Ni I,
5592.958,1,V I,
5593.746,42,Ni I,
5594.471,117,Ca I,
5595.067,6.5,Fe I,
5595.691,0.5,C2,
5596.185,6,C2,
5596.341,1,C2,
5597,3,Cr I,
5598.05,83,Fe I,
5598.491,118,Ca I,
5598.82,3,C2,
5600.234,35,Fe I,
5600.695,3.5,C2,
5600.821,12,Ti I,
5601.286,100,Ca I,
5602.562,9,Fe I,
5602.864,215,Ca I,
5603.303,6.5,C2,
5604.198,1,V I,
5604.956,3.5,V I,
5605.348,1.5,C2,
5605.903,5,C2,
5607.003,2,Ni I,
5607.669,13,Fe I,
5607.842,1.5,C2,
5608.314,1,C2,
5608.981,8.5,Fe I,
5609.682,1.5,C2,
5609.987,6,Fe I,
5610.391,4,C2,
5611.368,8,Fe I,
5612.35,4,C2,
5613.715,3,Fe I,
5614.041,1.5,C2,
5614.423,2,C2,
5614.781,40,N I,
5615.658,3,Fe I,
5616.331,2.5,C2,
5617.236,30,Fe I,
5617.918,1.5,C2,
5618.642,42,Fe I,
5618.847,1.5,C2,
5619.609,29,Fe I,
5620.03,7,Fe I,
5620.496,30,Fe I,
5621.221,5,C2,
5621.621,11,Si I,
5622.12,5.5,S I,
5622.959,7,C2,
5624.03,49,Fe I,
5624.558,140,Fe,
5624.88,6,V I,
5625.328,37,Ni I,
5626.027,3.5,V I,
5626.819,3.5,C2,
5627.642,20,V I,
5628.193,1.5,C2,
5628.65,15,Cr I,
5629.237,4,C2,
5630.101,3,C2,
5630.303,2,C2,
5630.98,1.5,C2,
5631.693,3,Fe I,
5631.826,8.5,C2,
5632.455,3.5,V I,
5633.22,4,C2,
5633.646,2.5,C2,
5633.953,68,Fe I,
5634.523,4.5,C2,
5634.874,7.5,C2,
5635.346,3,C2,
5635.831,30,Fe I,
5636.705,17,Fe I,
5637.123,31,Ni I,
5637.414,44,Fe I,
5638.271,74,Fe I,
5638.758,10,Ni I,
5640.176,4,Co I,
5640.502,2.5,Fe I,
5640.989,39,Sc II,
5641.448,64,Fe I,
5641.893,24,Ni I,
5642.381,5,Cr I,
5643.087,14,Ni I,
5644.146,29,Ti I,
5645.618,35,Si I,
5646.111,5,V I,
5647.241,11,Co I,
5647.896,2,Cr I,
5648.578,10,Ti I,
5649.39,8,Cr I,
5649.996,33,Fe I,
5650.694,34,Fe I,
5652.327,24,Fe I,
5653.874,36,Fe I,
5655.183,49,Fe I,
5655.5,68,Fe I,
5657.45,5.5,V I,
5657.88,64,Sc II,
5658.346,31,Sc I,
5659.112,9,Ti I,
5660.68,13,Si I,
5660.809,16,Fe I,
5661.354,19,Fe I,
5662.159,21,Ti I,
5662.524,92,Fe I,
5662.939,49,Fe I,
5664.009,35,Ni I,
5664.581,4.5,Cr I,
5665.563,40,Si I,
5666.686,22,Si I,
5667.153,25,Sc II,
5667.524,48,Fe I,
5668.369,5,V I,
5669.04,34,Sc II,
5669.746,19,Si I,
5669.95,16,Ni I,
5670.858,16,V I,
5672.266,3,Fe I,
5673.059,1.5,Ti I,
5673.422,3.5,Ti I,
5675.092,7.5,Fe I,
5675.434,71,Si I,
5677.695,6.5,Fe I,
5682.647,104,Na I,
5688.217,121,Na I,
5689.477,11,Ti I,
5690.433,53,Si I,
5690.957,3.5,Cr I,
5691.505,38,Ni I,
5693.132,2.5,C I,
5693.65,48,Fe I,
5694.744,19,Cr I,
5694.991,41,Ni I,
5696.652,3.5,S I,
5698,30,Cr I,
5698.53,34,V I,
5700.186,29,Sc I,
5700.524,6,Cr I,
5701.108,40,Si I,
5701.557,86,Fe I,
5702.328,27,Cr I,
5703.587,26,V I,
5704.74,21,Fe I,
5705.473,37,Fe I,
5706.008,74,Fe I,
5707.048,43,Fe I,
5708.102,37,Fe I,
5708.405,77,Si I,
5709.386,103,Fe I,
5711.095,107,Mg I,
5711.884,77,Fe I,
5712.778,17,Cr I,
5714.159,21,Fe I,
5715.094,73,Ni I,
5715.821,3.5,Ca I,
5717.311,2.5,Sc I,
5717.841,63,Fe I,
5719.828,5,Cr I,
5720.45,3.5,Ti I,
5723.671,4,Fe I,
5724.095,1.5,Sc I,
5724.466,5,Fe I,
5725.658,2,V I,
5727.057,37,V I,
5727.661,7.5,V I,
5729.202,3,Cr I,
5731.22,7.5,V I,
5731.772,59,Fe I,
5732.73,3.5,Fe II,
5734.048,4,V I,
5735.713,7.5,Zr I,
5736.644,4,Cr I,
5738.24,13,Fe I,
5739.061,1,T I,
5739.483,6.5,Ti I,
5739.987,7,Ti I,
5741.856,31,Fe I,
5742.968,12,Fe I,
5744.47,1,Ti I,
5746.422,3.5,Cr I,
5747.669,35,Si I,
5747.858,7,Cr I,
5748.361,26,Ni I,
5749.298,6,Ni I,
5752.042,56,Fe I,
5753.132,78,Fe I,
5753.646,49,Si I,
5754.235,12,Si I,
5754.666,73,Ni I,
5754.922,4.5,Fe I,
5759.02,0.5,Cr I,
5759.545,10,Fe I,
5760.359,18,Fe I,
5760.841,28,Ni I,
5761.424,0.5,V I,
5762.423,22,Fe I,
5763.002,101,Fe I,
5768.902,1,Ce II,
5772.149,47,Si I,
5772.415,2.5,V I,
5774.038,9,Ti I,
5775.088,48,Fe I,
5777.762,1.5,Cr I,
5778.463,16,Fe I,
5780.608,29,Fe I,
5780.812,21,Ti I,
5782.136,62,Cu I,
5782.371,3,K I,
5783.073,24,Cr I,
5783.866,34,Cr I,
5784.666,20,Fe I,
5784.976,26,Cr I,
5785.285,40,Mg I,
5785.98,11,Ti I,
5787.021,6,Cr I,
5787.926,36,Cr I,
5788.394,5,Cr I,
5789.763,0.5,Ti I,
5790.663,2,Cr I,
5790.99,74,Cr I,
5791.76,4,Cr I,
5793.079,38,Si I,
5793.705,2.5,Fe I,
5793.922,28,Fe I,
5794.455,1,C I,
5796.671,2,Fe I,
5796.77,2.5,Cr I,
5797.436,2,Ti I,
5797.865,32,Si I,
5798.513,2.5,Cr I,
5801.749,1.5,K I,
5804.038,20,Fe I,
5804.462,18,Fe I,
5805.226,38,Ni I,
5805.769,11,Fe I,
5806.732,51,Fe I,
5807.249,0.5,Fe I,
5807.792,7.5,Fe I,
5808.314,0.5,La II,
5809.224,50,Fe I,
5809.873,2.5,Fe I,
5812.131,1,K I,
5812.839,2.5,Ti I,
5813.339,2,Fe I,
5814.815,21,Fe I,
5815.448,0.5,Fe I,
5815.868,1,Cr I,
5817.08,14,V I,
5817.493,2,V I,
5834.036,14,Fe I,
5835.109,12,Fe I,
5835.434,8,Fe I,
5837.709,9,Fe I,
5838.678,5,Cr I,
5839.53,0.5,Cr I,
5839.768,1,Ti I,
5841.188,1.5,Ti I,
5843.227,3,Cr I,
5844.608,4.5,Cr I,
5844.933,3,Fe I,
5846.569,2,Co I,
5847.006,19,Ni I,
5849.691,7,Fe I,
5852.228,36,Fe I,
5852.34,2,Ti I,
5853.161,7,Fe I,
5853.688,55,Ba II,
5855.086,18,Fe I,
5857.459,,Ca I,
5862.368,,Fe I,
5866.461,40,Ti I,
5867.084,3.5,Cr I,
5867.572,22,Ca I,
5870.644,7,Fe I,
5872.939,2.5,Fe I,
5873.769,6,Si I,
5875.62,,He I D3,
5876.296,7,Fe I,
5877.797,16,Fe I,
5879.493,12,Fe I,
5880.026,15,Fe I,
5880.27,7.5,Ti I,
5881.279,16,Fe I,
5883.442,1,Co I,
5883.814,,Fe I,
5884.439,3,Cr I,
5885.629,2.5,Zr I,
5887.476,6,Fe I,
5889.973,,Na I D2,
5890.495,4.5,Co I,
5891.887,4.5,Fe I,
5892.7,18,Ni I,
5892.883,66,Ni I,
5895.94,,Na I D1,
5897.542,2.5,V II,
5899.106,0.5,Fe I,
5899.304,26,Ti I,
5902.248,2.5,Cr I,
5902.476,12,Fe I,
5903,5.5,Ti I,
5905.68,58,Fe I,
5906.512,4.5,Ti I,
5909.983,30,Fe I,
5913.719,1,Ti I,
5914.12,139,Fe I,
5915.166,1.5,Dy II,
5915.565,5,Co I,
5916.024,5.5,Cr I,
5916.257,50,Fe I,
5916.772,4,Cr I,
5917.806,1,Fe I,
5918.554,14,Ti I,
5921.341,0.5,Cr I,
5922.123,17,Ti I,
5923.963,8,Ni I,
5925.83,0.5,Ni I,
5927.797,39,Fe I,
5928.523,3,Fe I,
5928.888,3.5,V II,
5929.682,38,Fe I,
5930.191,,Fe I,
5934.665,,Fe I,
5935.402,3.5,Co I,
5937.814,7,Ti I,
5938.753,1.5,Fe I,
5940.658,4.5,Ti I,
5940.997,14,Fe I,
5941.764,17,Ti I,
5944.68,1,Ti I,
5946.466,1.5,Co I,
5948.548,88,Si I,
5949.346,40,Fe I,
5952.726,68,Fe I,
5955.113,2.5,Fe I,
5955.671,1.5,Fe I,
5956.706,60,Fe I,
5958.344,12,Fe I,
5961.894,3,Fe I,
5962.914,2,Fe I,
5963.983,2,C I,
5965.835,23,Ti I,
5969.578,5,Fe I,
5973.356,2,Fe I,
5974.596,1,Fe I,
5975.353,44,Fe I,
5976.168,2,Fe I,
5976.787,64,Fe I,
5978.549,20,Ti I,
5978.91,5.5,Si II,
5980.744,0.5,V I,
5980.822,1,Ti I,
5981.392,1.5,Fe I,
5982.537,1,Ti I,
5983.688,,Fe I,
5984.066,4.5,Co I,
5984.594,2,Ti I,
5984.826,,Fe I,
5987.07,68,Fe I,
5991.378,29,Fe II,
5991.791,6.5,Co I,
5992.677,1.5,Fe I,
5995.698,1.5,Ti I,
5995.944,2,Fe I,
5996.74,19,Ni I,
5997.604,11,Ni I,
5997.782,67,Fe I,
5998.897,3.5,Ni I,
6002.3,1.5,V I,
6003.022,86,Fe I,
6005.551,21,Fe I,
6007.317,20,Ni I,
6007.968,59,Fe I,
6008.566,88,Fe I,
6010.65,5,C I,
6012.229,22,Ni I,
6013.199,7,C I,
6013.497,86,Mn I,
6014.842,4.5,C I,
6015.253,4,Fe I,
6016.647,92,Mn I,
6017,1.5,T I,
6017.92,0.5,V I,
6018.3,8,Fe I,
6019.364,5,Fe I,
6020.186,94,Fe I,
6021.803,96,Mn I,
6022.476,3.5,Si I,
6023.42,1.5,Y I,
6024.068,117,Fe I,
6025.767,4,Ni I,
6027.059,61,Fe I,
6029,3,V II,
6029.286,2,Cr I,
6030.68,1.5,Mo I,
6031.016,6,V II,
6031.306,2,Nd II,
6032.672,1,Fe I,
6034.038,7,Fe I,
6039.736,11,V I,
6042.104,51,Fe I,
6043.4,2,Ce II,
6045.492,3.5,Fe II,
6047.667,1.5,Cr I,
6049.124,4,Co I,
6051.032,1.5,Fe I,
6052.682,11,S I,
6053.693,18,Ni I,
6054.075,8,Fe I,
6056.013,73,Fe I,
6058.172,3,V I,
6059.271,3,Sc II,
6060.824,1.5,Fe I,
6062.676,4,Cr I,
6062.856,18,Zr I,
6064.626,7,Ti I,
6065.494,115,Fe I,
6065.808,2.5,Fe I,
6067.638,4,Si I,
6078.499,91,Fe I,
6079.016,55,Fe I,
6081.448,15,V I,
6081.838,2,Fe I,
6082.718,34,Fe I,
6084.105,22,Fe II,
6085.257,40,Ti I,
6086.288,43,Ni I,
6087.5,1.5,V I,
6087.79,17,Si I,
6089.574,32,Fe I,
6090.216,29,V I,
6090.51,1.5,V I,
6091.177,14,Ti I,
6091.73,6,Fe I,
6091.92,30,Si I,
6093.151,11,Co I,
6093.649,31,Fe I,
6093.863,2,V I,
6094.377,20,Fe I,
6095.364,3,Ni I,
6096.671,36,Fe I,
6097.101,4.5,Fe I,
6097.294,4,Ca I,
6098.25,16,Fe I,
6098.664,7,Ti I,
6102.183,84,Fe I,
6102.727,135,Ca I,
6103.19,89,Fe I,
6105.132,12,Fe I,
6105.52,1.5,Co I,
6105.785,3,Ni I,
6106.616,10,Si I,
6106.86,3.5,Fe I,
6107.35,2.5,Fe I,
6108.125,60,Ni I,
6111.078,36,Ni I,
6111.652,12,V I,
6113.131,6,Si I,
6113.329,17,Fe II,
6114.391,1.5,Fe I,
6114.801,1.5,Zr II,
6116.198,65,Ni I,
6117.001,8,Co I,
6118.111,5,Ni I,
6119.532,20,V I,
6119.76,12,Ni I,
6121.006,5,Ti I,
6122.226,222,Ca I,
6122.622,3,Co I,
6123.45,4,Si I,
6125.026,36,Si I,
6126.224,20,Ti I,
6127.475,3.5,Zr I,
6127.912,48,Fe I,
6128.984,21,Ni I,
6129.222,3,Cr II,
6130.141,23,Ni I,
6130.352,2.5,Fe I,
6131.577,26,Si I,
6131.858,27,Si I,
6133.977,5,Ni I,
6134.57,3.5,Zr I,
6135.072,2.5,V I,
6135.37,12,V I,
6136.624,137,Fe I,
6137.002,64,Fe I,
6137.702,129,Fe I,
6138.522,17,Fe I,
6140.46,2,Zr I,
6141.727,113,Ba II,
6142.018,5,Ni I,
6142.494,34,Si I,
6143.183,2.5,Zr I,
6145.02,38,Si I,
6145.411,4,Fe I,
6146.85,3.5,Ti I,
6147.834,76,Fe I,
6148.662,3.5,Fe I,
6149.249,35,Fe II,
6149.742,2.5,Ti I,
6150.154,12,V I,
6151.623,41,Fe I,
6154.23,27,Na I,
6154.442,2.5,Cr I,
6155.241,72,Fe II,
6155.706,5,Si I,
6156.03,7,Ca I,
6156.801,5,O I,
6157.733,48,Fe I,
6158.171,3.5,O I,
6159.382,8,Fe I,
6160.753,44,Na I,
6161.295,52,Ca I,
6162.18,222,Ca I,
6163.421,29,Ni I,
6163.754,49,Ca I,
6165.363,33,Fe I,
6166.44,54,Ca I,
6169.044,85,Ca I,
6169.564,98,Ca I,
6170.516,66,Fe I,
6171.004,2.5,Fe I,
6173.341,100,Fe I,
6173.341,50,Fe I,
6174.737,2,Ti I,
6175.37,36,Ni I,
6176.816,50,Ni I,
6177.253,10,Ni I,
6178.535,2,Ni I,
6180.209,40,Fe I,
6183.122,1.5,Ni I,
6183.872,5,Ni I,
6185.38,1.5,Fe I,
6186.717,22,Ni I,
6187.41,2.5,Fe I,
6187.995,36,Fe I,
6188.998,6,Co I,
6191.186,56,Ni I,
6191.571,110,Fe I,
6195.18,1.5,Cr II,
6196.68,2,Fe II,
6198.655,1,Ni I,
6199.186,8,V I,
6199.508,3.5,Fe I,
6200.321,55,Fe I,
6204.61,16,Ni I,
6207.232,2.5,Fe I,
6209.754,1,Fe I,
6210.671,2,Sc I,
6212.067,2.5,Fe I,
6213.12,0.5,Zr I,
6213.437,61,Fe I,
6213.866,3,V I,
6215.149,40,Fe I,
6216.358,30,V I,
6219.287,82,Fe I,
6220.488,9,Ti I,
6220.791,17,Fe I,
6221.342,13,Ti I,
6222.61,1.5,Y I,
6223.99,24,Ni I,
6224.506,5,V I,
6226.74,24,Fe I,
6229.232,33,Fe I,
6230.098,18,Ni I,
6230.736,151,Fe I,
6231.003,2.5,Co I,
6232.648,76,Fe I,
6233.201,4,V I,
6237.328,60,Si I,
6238.39,,Fe II,
6239.361,6,Sc I,
6240.161,2,V I,
6240.653,40,Fe I,
6243.114,24,V I,
6243.823,43,Si I,
6244.476,45,Si I,
6245.204,1,V I,
6245.62,30,Sc II,
6245.891,2.5,Fe I,
6246.327,112,Fe I,
6247.562,,Fe II,
6249.643,6,Fe I,
6249.91,0.5,La I,
6251.286,2,Fe I,
6251.825,11,V I,
6252.565,109,Fe I,
6253.55,2.5,Si I,
6254.173,115,Si I,
6254.845,4.5,Si I,
6255.952,18,Fe I,
6256.367,81,Fe I,
6256.887,3,V I,
6257.594,2,Co I,
6258.11,42,Ti I,
6258.713,43,Ti I,
6258.936,3,Sc I,
6259.594,14,Ni I,
6261.106,40,Ti I,
6262.25,3,La II,
6265.141,72,Fe I,
6266.015,1,Ti I,
6266.326,3,V I,
6267.845,5,Fe I,
6268.53,2.5,Ti I,
6268.872,3,V I,
6270.231,,Fe I,
6271.767,3.5,Ni I,
6272.645,4,Ni I,
6274.658,6,V I,
6279.74,23,Sc II,
6280.622,52,Fe I,
6282.599,6,Co I,
6284.001,0.5,Fe I,
6285.165,7,V I,
6290.974,66,Fe I,
6293.933,12,Fe I,
6296.495,6,V I,
6297.799,65,Fe I,
6300.503,5,Fe I,
6301.508,,Fe I,
6302.499,83,Fe I,
6303.461,4,Fe I,
6303.767,5,Ti I,
6304.324,4.5,Zr I,
6305.667,3.5,Sc I,
6306.04,1.5,Sc I,
6311.239,8,Ti I,
6312.241,5,Ti I,
6313.03,1,Zr I,
6314.668,67,Ni I,
6315.314,,Fe I,
6316.584,2,Ni I,
6318.027,96,Fe I,
6318.61,49,Ca I,
6319.242,18,Mg I,
6320.429,4,La II,
6320.843,6,Sc II,
6322.169,19,Ni I,
6322.694,,Fe I,
6325.165,2,Ti I,
6326.823,2,V I,
6327.604,36,Ni I,
6330.096,25,Cr I,
6330.852,32,Fe I,
6331.953,11,Si I,
6335.337,,Fe I,
6336.113,8,Ti I,
6336.83,121,Fe I,
6339.118,44,Ni I,
6339.975,1,Fe I,
6343.71,70,Ca I,
6344.155,56,Fe I,
6347.095,54,Si II,
6347.86,4,Co I,
6349.48,3,V I,
6350.495,8,Ni I,
6351.287,3,Fe I,
6353.849,1.5,Fe I,
6355.035,62,Fe I,
6357.29,1.5,V I,
6358.687,82,Fe I,
6360.818,16,Ni I,
6361.94,89,Ca I,
6362.35,23,Zn I,
6362.876,30,Cr I,
6363.79,3,O I,
6364.369,25,Fe I,
6366.491,26,Ni I,
6369.463,18,Fe II,
6370.357,11,Ni I,
6371.355,35,Si II,
6374.56,,Fe X,
6375.225,3,Ni I,
6378.256,27,Ni I,
6379.39,1,V I,
6380.75,40,Fe I,
6383.715,8,Fe II,
6383.906,2,CN,
6384.668,20,Mn I,
6385.726,8,Fe I,
6388.427,2.5,CN,
6392.538,10,Fe I,
6393.612,117,Fe I,
6395.148,6,Co I,
6396.388,1,CN,
6397.545,1,Atm,
6397.974,3,CN,
6400.009,181,Fe I,
6400.323,46,Fe I,
6400.811,2,CN,
6403.127,2,CN,
6405.45,6,CN,
6407.113,6,Si I,
6407.291,26,Si I,
6408.026,80,Fe I,
6408.375,5,CN,
6409.799,,Cr I,
6411.113,6,Fe I,
6411.658,129,Fe I,
6412.233,2,Fe I,
6413.14,0.5,Ti I,
6413.32,1.5,Sc I,
6413.932,2,CN,
6414.594,15,Ni I,
6414.987,45,Si I,
6415.424,5,CN,
6416.928,,Fe II,
6417.685,9,Ca I,
6419.09,1.5,Ti I,
6419.65,9,CN,
6419.956,80,Fe I,
6420.75,2,CN,
6421.36,87,Fe I,
6425.537,2.5,CN,
6426.281,2,CN,
6429.902,2.5,Co I,
6430.5,1.5,V I,
6430.856,106,Fe I,
6431.679,1.5,CN,
6432.023,1.5,CN,
6432.683,,Fe II,
6438.04,2,CN,
6439.083,156,Ca I,
6440.934,4,Mn I,
6442.95,3.5,Fe II,
6444.218,4.5,CN,
6444.71,3,CN,
6449.82,,Ca I,
6450.654,1,CN,
6451.573,3,Ni I,
6452.315,6,V I,
6455.605,,Ca I,
6456.391,57,Fe II,
6458.556,2,CN,
6462.6,,Ca I,
6464.183,2,CN,
6464.679,10,Ca I,
6465.787,2.5,CN,
6466.997,5,V I,
6469.192,52,Fe I,
6470.23,1,Zr I,
6471.668,83,Ca I,
6472.144,2.5,Fe I,
6474.614,4,Fe I,
6475.632,57,Fe I,
6477.869,6,Co I,
6478.65,4.5,CN,
6481.878,63,Fe I,
6482.809,38,Ni I,
6483.94,11,Fe I,
6486.277,3,CN,
6489.651,6,Zr I,
6491.582,45,Ti II,
6493.788,133,Ca I,
6494.994,165,Fe I,
6495.74,42,Fe I,
6496.472,69,Fe I,
6496.908,98,Ba II,
6497.68,5,Ti I,
6498.945,43,Fe I,
6499.654,81,Ca I,
6501.678,25,Fe I,
6502.22,7,Ni I,
6504,1.5,Sr I,
6505.488,6,CN,
6508.154,3,Ti I,
6508.846,11,Ca I,
6510.42,2,CN,
6516.083,61,Fe II,
6518.373,61,Fe I,
6524.7,5,Fe I,
6526.653,28,Si I,
6527.215,53,Si I,
6527.598,4,CN,
6528.539,11,Fe I,
6529.187,2,Cr I,
6532.881,18,Ni I,
6543.51,3,V I,
6546.252,103,Fe I,
6548.34,3.5,Ti I,
6554.238,14,Ti I,
6555.466,40,Si I,
6556.077,14,Ti I,
6558.03,1,V I,
6559.576,14,Ti II,
6562.808,4020,H$\alpha$,
6565.9,1,V I,
6569.224,71,Fe I,
6571.18,5,Fe I,
6572.795,26,Ca I,
6574.254,22,Fe I,
6575.037,64,Fe I,
6578.96,2,V I,
6581.218,14,Fe I,
6583.71,15,Si I,
6586.319,35,Ni I,
6591.326,10,Fe I,
6592.522,23,Ni I,
6592.926,123,Fe I,
6593.884,89,Fe I,
6595.355,4,Ti I,
6597.571,44,Fe I,
6598.611,26,Ni I,
6599.113,8.5,Ti I,
6603.25,1.5,Fe I,
6603.65,3,Fe I,
6604.6,36,Sc II,
6605.924,5,V I,
6606.979,8,Ti II,
6608.044,18,Fe I,
6609.118,76,Fe I,
6609.582,13,Fe I,
6610.82,4,Ni I,
6612.237,5,Cr I,
6613.73,4,Y II,
6613.83,5,Fe I,
6615.01,2,Fe I,
6616.2,2.5,Si I,
6617.6,2.5,Co I,
6619.588,3,Si I,
6621.204,2.5,Ni I,
6622.402,3,Fe I,
6623.82,5,Fe I,
6625.039,11,Fe I,
6627.56,24,Fe I,
6630.032,6,Cr I,
6631.087,1.5,Si I,
6632.472,5,Co I,
6633.427,30,Fe I,
6633.758,70,Fe I,
6635.137,19,Ni I,
6635.702,7,Si I,
6636.332,2,Cr I,
6639.717,17,Fe I,
6639.897,11,Fe I,
6643,2,Cr I,
6643.638,83,Ni I,
6644.35,2,CN,
6645.127,4,Eu II,
6646.966,171,Fe I,
6648.121,5,Fe I,
6652.361,3,Si I,
6653.04,1,CN,
6653.911,8,Fe I,
6661.081,10,Cr I,
6661.341,6,Ni I,
6663.246,31,Fe I,
6663.448,76,Fe I,
6664.31,1,CN,
6665.47,2,Fe I,
6666.54,2,Ti I,
6667.23,1.5,CN,
6667.74,7,Fe I,
6668.801,1,Si I,
6669.31,5,Cr I,
6671.82,6,C I,
6673.88,1,Fe I,
6677.24,2,Ti I,
6677.54,3,Fe I,
6677.997,122,Fe I,
6678.576,2,Ti I,
6678.849,5,Co I,
6681.3,3,CN,
6682.24,1,Fe I,
6684.89,2,Co I,
6687.96,1,CN,
6688.83,1.5,C I,
6690.825,3,Ni I,
6692.304,2,Fe I,
6692.856,3,CN,
6694.62,1,CN,
6696.032,33,Al I,
6696.322,16,Fe I,
6698,1.5,CN,
6698.669,21,Al I,
6699.136,7,Fe I,
6700.919,1.5,Ni I,
6701.47,,Ni XV,
6703.576,32,Fe I,
6703.97,2.5,CN,
6704.5,5,Fe I,
6705.105,42,Fe I,
6707.05,1.5,Si I,
6707.76,1.5,Li I,
6709.1,2,CN,
6710.323,12,Fe I,
6711.282,2,Fe I,
6711.847,3,CN,
6712.467,2.5,Fe I,
6713.044,24,Fe I,
6713.745,23,Fe I,
6715.386,33,Fe I,
6716.252,15,Fe I,
6717.19,1.5,CN,
6717.687,120,Ca I,
6721.844,55,Si I,
6722.82,2,CN,
6725.364,17,Fe I,
6726.673,50,Fe I,
6729.05,9,Fe I,
6732.068,8,Fe I,
6733.153,25,Fe I,
6734.272,7,Cr I,
6735.025,2,Fe I,
6736.546,1.5,Fe I,
6737.28,1.5,Fe I,
6739.21,1,Si I,
6739.524,11,Fe I,
6740.95,3,CN,
6741.629,18,Si I,
6743.127,19,Ti I,
6743.575,12,S I,
6745.113,7,Fe I,
6745.547,4,Ti I,
6745.984,8,Fe I,
6746.36,0.5,Ti I,
6746.975,5,Fe I,
6747.62,2,CN,
6748.87,17,Cr I,
6749.541,1,Fe I,
6750.164,75,Fe I,
6751.44,3,Cr I,
6752.716,42,Fe I,
6753.47,5,Fe I,
6755.605,12,Fe I,
6756.568,5,Fe I,
6757.195,19,S I,
6759.46,1.5,Ni I,
6761.011,3.5,Fe I,
6762.156,2,CN,
6762.398,2,Zr I,
6764.11,2,Fe I,
6767.784,83,Ni I,
6768.83,1,CN,
6769.682,3,Fe I,
6770.97,5,Co I,
6772.321,51,Ni I,
6774.33,2,La II,
6776.42,1,CN,
6777.406,6,Fe I,
6782.502,4,Ni I,
6783.714,9,Fe I,
6784.214,11,V I,
6785.76,2.5,Fe I,
6786.46,4,Fe I,
6786.86,16,Fe I,
6787.604,1,Fe I,
6789.154,3,Cr I,
6793.628,12,Fe I,
6795.428,3,Y II,
6796.128,8,Fe I,
6796.49,3,Cr I,
6798.15,0.5,Cr I,
6798.467,4,Ca I,
6801.849,1,Fe I,
6803.27,1,Fe I,
6804.01,14,Fe I,
6804.297,10,Fe I,
6805.106,0.5,Cr I,
6806.856,24,Fe I,
6809.27,0.5,Fe I,
6810.267,42,Fe I,
6812.356,2,V I,
6813,0.5,Cr I,
6813.616,4,Ni I,
6814.961,12,Co I,
6819.595,5,Fe I,
6820.374,37,Fe I,
6822.042,1,Fe I,
6824.857,2,Fe I,
6828.193,5,C I,
6828.596,56,Fe I,
6830.04,1,V I,
6832.474,0.5,V I,
6833.248,8,Fe I,
6837.013,15,Fe I,
6838.85,31,Fe I,
6839.835,30,Fe I,
6841.19,8,Mg I,
6841.341,65,Fe I,
6842.043,26,Ni I,
6842.689,41,Fe I,
6843.655,59,Fe I,
6844.683,3,Fe I,
6848.566,15,Si I,
6848.87,3,Fe I,
6850.439,10,Ni I,
6851.652,4.5,Fe I,
6855.166,85,Fe I,
6855.723,23,Fe I,
6857.251,27,Fe I,
6858.155,57,Fe I,
6858.29,5,Y II,
6860.327,7,Fe I,
6860.953,6,Fe I,
6861.5,12,Ti I,
6861.945,22,Fe I,
6862.496,39,Fe I,
6864.324,9,Fe I,
6872.44,5,Co I,
6875.45,4,Fe I,
6875.995,12,Fe I,
6876.38,10,Si I,
6880.637,14,Fe I,
6881.716,28,Cr I,
6882.502,34,Cr I,
6883.07,31,Cr I,
6894.89,6,Mg I,
6898.307,16,Fe I,
6901.9,6,Ni I,
6902.874,22,Fe I,
6911.522,14,Fe I,
6912.45,3,Fe I,
6914.564,83,Ni I,
6916.686,60,Fe I,
6925.28,45,Cr I,
6926.097,21,Cr I,
6928.33,4,Ni I,
6933.026,16,Fe I,
6936.496,6,Fe I,
6938.737,3,K I,
6943.637,1,CN,
6945.21,82,Fe I,
6947.55,88,Fe I,
6953.057,2,Fe I,
6955.04,13,Ni I,
6957.703,2,CN,
6960.33,13,Fe I,
6965.408,25,Mg I,
6965.925,8,CN,
6966.75,2.5,CN,
6968.582,2,CN,
6971.51,3,CN,
6971.917,17,Fe I,
6975.44,22,Fe I,
6976.24,11,Fe I,
6976.504,47,Si I,
6978.383,68,Cr I,
6978.862,90,Fe I,
6979.806,41,Cr I,
6980.91,8,Cr I,
6983.52,5,Fe I,
6994.371,8,CN,
6994.83,2.5,CN,
6996.634,4,T I,
6999.885,71,Fe I,
7000.623,23,Fe I,
7001.551,11,N I,
7003.574,81,Si I,
7003.977,4,CN,
7005.9,89,Si I,
7007.976,31,Fe I,
7011.92,5,CN,
7014.546,2,CN,
7016.067,62,Fe I,
7016.72,38,Si I,
7017.666,51,Si I,
7018.06,5,CN,
7022.957,72,Fe I,
7024.065,31,Fe I,
7024.644,51,Fe I,
7030.021,23,Ni I,
7031.09,4,CN,
7034.38,11,Ni I,
7034.91,80,Si I,
7035.856,3,Ti I,
7037.38,6,Ni I,
7038.22,76,Fe I,
7038.765,40,Fe I,
7045.038,2,CN,
7045.44,2,CN,
7049.6,1.5,Ni I,
7050.78,2,Ti I,
7052.34,1.5,CN,
7052.87,13,Co I,
7054,5,Co I,
7059.47,3,CN,
7060,5,CN,
7062.978,13,Ni I,
7063.6,5,Ni I,
7065.2,,He I,
7067.46,13,Fe II,
7068.07,7,Fe I,
7068.423,64,Fe I,
7069.06,3,Ti I,
7069.54,4.5,Fe I,
7070.1,1,Sr I,
7071.866,35,Fe I,
7075.89,3,CN,
7083.394,27,Fe I,
7084.656,17,Al I,
7085.533,3,C I,
7086.73,23,Fe I,
7090.39,73,Fe I,
7091.942,16,Fe I,
7092.31,1.5,CN,
7093.09,18,Fe I,
7093.34,4,C I,
7095.18,1.5,CN,
7095.407,32,Ni I,
7096.93,2,CN,
7097.45,2.5,Si I,
7097.76,1,Zr I,
7099.22,2,CN,
7101.09,1.5,CN,
7103.47,3,CN,
7103.8,1.5,Zr I,
7105.87,2.5,Fe I,
7107.25,1,Fe I,
7107.468,24,Fe I,
7107.909,3,CN,
7108.92,3.5,C I,
7109.7,2,Fe I,
7110.14,1,CN,
7110.905,41,Ni I,
7111.45,23,C I,
7112.17,33,Fe I,
7113.171,30,C I,
7114.574,8,Fe I,
7115.17,33,C I,
7115.83,1.5,CN,
7116.963,21,C I,
7118.105,16,Fe I,
7118.975,4,CN,
7119.38,3,CN,
7120.58,1.5,Fe I,
7121.67,1.5,CN,
7122.206,107,Ni I,
7123.41,2,CN,
7123.8,1,CN,
7125.84,1.5,CN,
7126.71,5,Ni I,
7127.573,29,Fe I,
7129.23,5,Fe I,
7130.64,3,CN,
7130.925,105,Fe I,
7131.36,11,CN,
7132.21,3,C I,
7132.985,44,Fe I,
7133.389,6,CN,
7134.32,2,Co I,
7138.08,4,Ti I,
7138.926,5,Ti I,
7139.68,2.5,CN,
7139.8,3,CN,
7141.64,3,Ni I,
7142.517,44,Fe I,
7143.96,3,CN,
7145.312,42,Fe I,
7147.28,3,CN,
7148.15,157,Ca I,
7148.704,14,Fe I,
7150.172,12,CN,
7151.464,24,Fe I,
7155.634,45,Fe I,
7160.2,3,CN,
7160.859,4,CN,
7164.432,153,Fe I,
7165.14,12,Si I,
7165.578,93,Si I,
7166.57,5,CN,
7166.96,14,Ni I,
7174.45,3,Mn I,
7176.59,2,P I,
7178.765,4,CN,
7180.004,19,Fe I,
7181.198,71,Fe I,
7181.955,81,Ni I,
7185.56,7,Cr I,
7187.388,,Fe I,
7188.62,9,Ti I,
7189.141,43,Fe I,
7190.128,15,Fe I,
7191.67,5,Fe I,
7193.183,60,Mg I,
7194.07,7,Fe I,
7194.38,4,CN,
7197.02,70,Ni I,
7200.22,5,CN,
7202.208,124,Ca I,
7207.131,72,Fe I,
7207.396,150,Fe I,
7208.22,8,Si I,
7208.6,1.5,CN,
7212.44,34,Fe I,
7212.91,1,CN,
7213.847,9,Fe I,
7214.74,25,Ti II,
7214.93,13,Ti I,
7216.19,22,Ti I,
7216.63,20,Fe I,
7219.68,53,Fe I,
7221.204,49,Fe I,
7222.397,27,Fe II,
7222.9,24,Fe I,
7224.464,28,Fe II,
7225.056,3.5,Ni I,
7226.208,46,Si I,
7228.7,29,Fe I,
7229.121,15,CN,
7230.56,2,Cr I,
7232.55,2,CN,
7233.33,2.5,CN,
7235.325,47,Si I,
7235.85,31,Si I,
7237.4,4.5,CN,
7243.09,6,S I,
7244.48,4,CN,
7244.85,63,Ti I,
7245.9,2,CN,
7246.37,3,CN,
7249.9,1.5,CN,
7251.717,34,Ti I,
7254.648,32,Fe I,
7254.93,1.5,CN,
7255.42,4,CN,
7256.142,17,Fe I,
7256.8,0.5,Ni I,
7261.016,19,Fe I,
7261.97,78,Ni I,
7263.63,5,CN,
7264.2,4,Y II,
7266.28,12,Ti I,
7271.55,6,Ti I,
7279.38,5,CN,
7281.35,,He I,
7282.844,68,Si I,
7283.77,13,Mn I,
7284.842,41,Fe I,
7285.305,25,Fe I,
7286.52,5,Ni I,
7286.9,1.5,CN,
7288.741,70,Fe I,
7289.188,116,Si I,
7290.25,4,Si I,
7293.052,85,Fe I,
7295.78,2,CN,
7297.93,2,CN,
7298.51,5,CN,
7301.577,7,Fe II,
7305.873,3,Ti I,
7306.57,43,Fe I,
7307.96,52,Fe I,
7308.5,4.5,CN,
7311.08,67,Fe I,
7311.64,5,O,
7313.72,1,CN,
7314.96,1,CN,
7317.43,13,Fe I,
7320.689,72,Fe I,
7321.27,2.5,V I,
7323.354,9,CN,
7324.29,5,CN,
7325.28,2,CN,
7326.16,136,Ca I,
7327.65,18,Ni I,
7328.828,5,CN,
